USE TytechDB
GO

INSERT INTO Catalog.Categories (category_name)
VALUES
('keyboard'),
('mouse'),
('headset'),
('monitor'),
('iem'),
('webcam'),
('camera'),
('racing_gear'),
('speakers'),
('USB_drive'),
('printer'),
('console'),
('laptop'),
('desktop_pc'),
('games'),
('earbuds'),
('router'),
('switch'),
('computer_parts'),
('3d_printer'),
('server'),
('mobile'),
('tablet'),
('smartwatch'),
('toaster'),
('mousepad'),
('cables'),
('controller'),
('TV'),
('soundbar'),
('windows_key'),
('gaming_giftcard'),
('docking_station'),
('VR'),
('Other');

SET IDENTITY_INSERT Catalog.Suppliers ON;

INSERT INTO Catalog.Suppliers (supplier_id, supplier_name, supplier_address, supplier_phone, supplier_email) VALUES
(1, 'Razer', '123 Maple Street, Springfield, IL 62701', '(312) 847-9901', 'contact@razer.com'),
(2, 'Logitech', '456 Oak Avenue, Rivertown, CA 90210', '(404) 555-2186', 'procurement@logitech.com'),
(3, 'Steelseries', '789 Pine Road, Lakeside, TX 75001', '(917) 234-7612', 'orders@steelseries.com'),
(4, 'MSI', '321 Elm Boulevard, Mountainview, NY 10001', '(713) 489-3025', 'supplies@msi.com'),
(5, 'Truthear', '654 Cedar Lane, Seattle, WA 98101', '(415) 661-8744', 'info@truthear.com'),
(6, 'Intel', '987 Birch Street, Portland, OR 97201', '(305) 722-1389', 'vendor.relations@intel.com'),
(7, 'AMD', '147 Walnut Drive, Denver, CO 80201', '(778) 340-9812', 'purchasing@amd.com'),
(8, 'Sony', '258 Spruce Court, Phoenix, AZ 85001', '(602) 451-6677', 'electronics.supply@sony.com'),
(9, 'Zowie', '369 Magnolia Way, Atlanta, GA 30301', '(647) 882-3540', 'support@zowie.benq.com'),
(10, 'ASUS', '741 Willow Circle, Miami, FL 33101', '(250) 119-4263', 'components@asus.com'),
(11, 'HP', '852 Palm Street, San Diego, CA 92101', '(437) 266-5731', 'partner.hub@hp.com'),
(12, 'Playstaion', '963 Aspen Road, Boston, MA 02101', '(214) 903-4855', 'hardware@playstation.com'),
(13, 'Xbox', '159 Redwood Avenue, Chicago, IL 60601', '(778) 574-2069', 'vendors@xbox.com'),
(14, 'Nintendo', '357 Sycamore Lane, Dallas, TX 75201', '(506) 388-1420', 'parts@nintendo.com'),
(15, 'Meta quest', '468 Chestnut Path, Houston, TX 77001', '(236) 955-6317', 'vr.supply@meta.com'),
(16, 'Valve', '579 Poplar Street, Philadelphia, PA 19101', '(343) 701-2984', 'steam.suppliers@valvesoftware.com'),
(17, 'Lenovo', '681 Hickory Road, Detroit, MI 48201', '(639) 824-1750', 'logistics@lenovo.com'),
(18, 'AOC', '792 Juniper Way, San Francisco, CA 94101', '(672) 460-9133', 'monitors@aoc.com'),
(19, 'Dell', '813 Fir Circle, Las Vegas, NV 89101', '(204) 857-3926', 'b2b.orders@dell.com'),
(20, 'Apple', '924 Hemlock Avenue, Orlando, FL 32801', '(902) 176-5480', 'manufacturing@apple.com'),
(21, 'Samsung', '135 Sequoia Drive, Nashville, TN 37201', '(782) 413-8659', 'semicon.supply@samsung.com'),
(22, 'Yousee', '246 Cypress Lane, New Orleans, LA 70112', '(867) 294-7012', 'business@yousee.dk'),
(23, 'Norlys', '357 Dogwood Street, Minneapolis, MN 55401', '(438) 625-8391', 'procurement@norlys.dk'),
(24, 'Corsair', '468 Redbud Road, Salt Lake City, UT 84101', '(579) 362-7148', 'components@corsair.com'),
(25, 'Hyperx', '579 Laurel Avenue, Kansas City, MO 64101', '(548) 890-1237', 'sales@hyperx.com'),
(26, 'JBL', '680 Mahogany Way, St. Louis, MO 63101', '(416) 223-9871', 'audio.parts@jbl.com'),
(27, 'Soundboks', '791 Teak Street, Cleveland, OH 44101', '(604) 476-5520', 'production@soundboks.com'),
(28, 'NOS', '802 Ebony Lane, Tampa, FL 33601', '(587) 819-3046', 'operations@nos.pt'),
(29, 'Audio_Technica', '913 Rosewood Drive, Baltimore, MD 21201', '(780) 154-7682', 'pro.audio@audio-technica.com'),
(30, 'Sennheiser', '124 Cherry Street, Pittsburgh, PA 15201', '(825) 497-6103', 'supply.chain@sennheiser.com'),
(31, 'Nvidia', '235 Maplewood Ave, Charlotte, NC 28201', '(289) 863-2450', 'gpu.parts@nvidia.com'),
(32, 'Kingston', '346 Oakwood Road, Indianapolis, IN 46201', '(905) 712-4389', 'memory@kingston.com'),
(33, 'Steam', '457 Pinecrest Lane, Columbus, OH 43201', '(365) 540-1827', 'dev.supplies@steampowered.com'),
(34, 'Wooting', '568 Elmwood Drive, Milwaukee, WI 53201', '(226) 971-6534', 'vendor@wooting.io'),
(35, 'Raycon', '679 Cedar Heights, Austin, TX 73301', '(249) 386-7105', 'production@raycon.com'),
(36, 'NKT', '780 Birchwood Court, Jacksonville, FL 32201', '(519) 204-8762', 'b2b.orders@nkt.com'),
(37, 'Gamestop', '891 Walnut Hill, Memphis, TN 37501', '(613) 758-4290', 'merchandise@gamestop.com'),
(38, 'Microsoft', '902 Spruce Street, Louisville, KY 40201', '(343) 891-5604', 'hardware.vendors@microsoft.com'),
(39, 'Epic games', '113 Magnolia Lane, Oklahoma City, OK 73101', '(705) 126-8437', 'store.vendors@epicgames.com'),
(40, 'EA Sports', '224 Willow Way, Portland, ME 04101', '(807) 453-2916', 'licensing@ea.com'),
(41, 'Activision', '335 Palm Drive, Albuquerque, NM 87101', '(902) 685-1743', 'publishing.parts@activision.com'),
(42, 'Philips', '446 Aspen Court, Tucson, AZ 85701', '(782) 309-5281', 'hue.supply@philips.com'),
(43, 'Moza', '557 Redwood Lane, Fresno, CA 93701', '(506) 447-8902', 'industrial@mozaracing.com'),
(44, 'Bambu', '668 Sycamore Drive, Sacramento, CA 95801', '(709) 261-7358', 'filament@bambulab.com'),
(45, 'ARM', '779 Chestnut Road, Mesa, AZ 85201', '(867) 594-0126', 'licensing@arm.com'),
(46, 'Canon', '890 Poplar Avenue, Virginia Beach, VA 23450', '(438) 920-3561', 'imaging.supplies@canon.com'),
(47, 'Garmin', '901 Hickory Lane, Omaha, NE 68101', '(514) 673-2089', 'wearables@garmin.com'),
(48, 'm5stack', '112 Juniper Street, Colorado Springs, CO 80901', '(581) 334-6972', 'iot.orders@m5stack.com'),
(49, 'Grove', '223 Fir Avenue, Raleigh, NC 27601', '(819) 745-0613', 'edu.sales@grove.cc'),
(50, 'Arduino', '334 Hemlock Road, Miami, FL 33125', '(873) 482-1590', 'components@arduino.cc');

SET IDENTITY_INSERT Catalog.Suppliers OFF;

----insert script til products tablen.

SET IDENTITY_INSERT Catalog.Products ON;

INSERT INTO Catalog.products (product_id, product_name, product_description, product_price, product_image_url, product_published, product_active, category_id, supplier_id) VALUES
(1, 'Keyboard Also 589', 'Hair ready drive state degree forget there feel. System opportunity among view base himself state. Thank onto hard manage. Common class friend become two. Development from always mention box movie.', 1374.29, 'https://dummyimage.com/531x172', '2024-04-03 09:22:49', 1, 1, 22),
(2, 'Router Southern 410', 'Ask under every above imagine trade. Analysis turn real computer she.', 1506.08, 'https://placeimg.com/618/168/any', '2024-09-05 09:02:38', 0, 17, 38),
(3, 'Controller Amount 206', 'Let audience season candidate after. Parent what spend once. Total away finally author. Town follow our create trip series.', 676.11, 'https://dummyimage.com/993x853', '2024-03-29 17:28:57', 0, 28, 31),
(4, 'Desktop pc Window 585', 'Particularly return something issue suddenly range dream four. Former ahead require people man common. Ahead evidence dark show. Some keep sort knowledge minute. Number them need.', 1114.19, 'https://placekitten.com/269/988', '2023-11-14 16:14:00', 1, 14, 48),
(5, 'Iem While 774', 'End easy necessary could. Boy make thousand series interview physical nearly. Thousand third leader fund. During nature benefit laugh. And job until number hour campaign teach.', 1851.30, 'https://placekitten.com/81/298', '2025-06-27 20:58:47', 1, 5, 40),
(6, 'Printer Arrive 640', 'Seem late perform always now authority particularly. Even none rise everything affect hand.', 178.23, 'https://www.lorempixel.com/191/194', '2025-05-03 08:53:27', 0, 11, 35),
(7, 'Gaming giftcard Environmental 377', 'Bed cause happen hard maybe. Man change class write rest. Exactly fall order trouble director. Might reduce top responsibility. To foot assume.', 1291.55, 'https://dummyimage.com/384x667', '2025-02-04 04:19:24', 1, 32, 40),
(8, 'Mobile Think 744', 'Report explain service suggest room to. Like least light write. Get church level rule learn property collection lot. Blue expert official she. Road crime week account energy activity.', 1071.81, 'https://www.lorempixel.com/804/34', '2024-01-25 03:49:00', 0, 22, 44),
(9, 'Console Building 136', 'Somebody short sense significant girl report. Food can adult inside protect. Participant reflect amount member themselves agree. Wall end man good produce. Rather scientist middle Republican drive.', 1284.16, 'https://placekitten.com/758/71', '2023-11-20 13:32:52', 1, 12, 3),
(10, 'Iem Expert 838', 'Simple item old will. Relationship old skill check. Attorney fear least its reach serve likely.', 975.00, 'https://placekitten.com/284/318', '2025-02-19 13:24:07', 1, 5, 6),
(11, 'Printer Feeling 241', 'Star hospital knowledge former. Once television travel production way light appear by. Per certainly trade. West never crime research believe decision. Story military parent foot late seven here end.', 1951.82, 'https://placekitten.com/756/657', '2024-08-17 03:12:38', 0, 11, 38),
(12, 'Toaster Next 608', 'Teach approach fly set. Majority night agency score. Reason organization open light establish such. Responsibility only region beat which performance.', 164.94, 'https://placeimg.com/958/672/any', '2024-05-12 23:46:55', 1, 25, 15),
(13, 'Desktop pc Type 761', 'Later former same maintain. Common can someone data development available. Sit particularly organization activity early.', 25.30, 'https://placekitten.com/903/690', '2025-08-10 16:41:55', 1, 14, 50),
(14, 'Cables Finally 739', 'Choose meeting tell give hospital determine contain. Him hear record deal rule happy. Market see clearly policy send challenge near bill. And consumer yourself sometimes myself whose affect.', 177.78, 'https://dummyimage.com/443x828', '2025-02-06 06:09:16', 1, 27, 5),
(15, '3d printer Age 459', 'Establish blue word military administration. Race line hour upon continue exist officer. One pretty each I yard. Environmental current media inside wear now.', 1657.49, 'https://www.lorempixel.com/928/653', '2024-10-04 00:27:11', 0, 20, 4),
(16, 'Usb drive Peace 342', 'Development provide tonight push. Race state onto him coach. Thus where here soldier tree quite whom. Rest such voice when long.', 1648.24, 'https://dummyimage.com/775x659', '2024-06-18 09:44:04', 1, 10, 3),
(17, 'Docking station That 869', 'Fall decade sing protect story off measure. Adult threat answer art ahead particular. Success share office group practice opportunity.', 889.77, 'https://www.lorempixel.com/931/7', '2023-12-16 01:54:34', 1, 33, 4),
(18, 'Gaming giftcard Team 379', 'Throw member assume natural produce fight. Economy walk movement art we age issue.', 432.54, 'https://dummyimage.com/1012x175', '2025-08-28 20:28:05', 0, 32, 1),
(19, 'Console Again 171', 'Attention friend prevent increase development blood crime. Ten perform present agent partner. Decide understand painting would opportunity force.', 1428.10, 'https://dummyimage.com/426x864', '2025-06-20 18:42:14', 1, 12, 2),
(20, 'Iem Stop 182', 'Team before never bill seat against. Western picture husband. Star figure blue program throughout other. Form little time power tell. Begin woman season.', 722.15, 'https://dummyimage.com/365x708', '2023-12-08 05:38:04', 1, 5, 35),
(21, 'Gaming giftcard Apply 336', 'Present clear financial next. Six card indeed agent according. Modern bank economy mention eat. Machine every including analysis thousand. Project rather sound executive.', 953.83, 'https://www.lorempixel.com/743/360', '2023-11-19 07:39:11', 0, 32, 34),
(22, 'Printer Religious 216', 'Place machine factor unit. Happy building oil among than model. Generation class once government. Right story join book last adult. Sometimes coach social. Most week true should owner.', 318.74, 'https://placeimg.com/326/323/any', '2025-08-01 13:05:57', 1, 11, 45),
(23, 'Racing gear Design 138', 'Manage mean management ten. Difference believe someone see newspaper. Beyond meeting consider tend.', 1502.94, 'https://www.lorempixel.com/537/140', '2024-04-20 11:13:01', 0, 8, 2),
(24, 'Computer parts Result 975', 'Born yet city evening. Community arm thing. Trade age board safe. Employee debate matter bit. Behavior ahead recognize phone.', 516.28, 'https://dummyimage.com/952x164', '2024-07-20 22:17:12', 1, 19, 23),
(25, 'Switch Role 998', 'If way scientist. Again miss young budget future be. Listen participant TV shake individual work interview. Sure high four statement. Small level town. Structure your series eight.', 725.02, 'https://placeimg.com/668/974/any', '2025-07-24 12:43:10', 1, 18, 37),
(26, '3d printer Space 138', 'Thus even seven community tell hot. He shake none single early campaign also how. Try kitchen community meeting media television. Law such success policy learn director. Whose her mind national top.', 1258.64, 'https://placekitten.com/175/932', '2025-04-18 10:26:07', 1, 20, 8),
(27, 'Tablet She 600', 'Order establish wrong number stuff require every. Laugh success account discover. Feeling already star range officer. Gun out arm feeling clear central. Man yeah available start produce.', 1097.63, 'https://www.lorempixel.com/195/200', '2024-04-29 00:29:32', 0, 23, 20),
(28, 'Camera Man 299', 'Bit shake business plan. Base radio identify my join drop help. He ago south answer. Respond help child first contain.', 1215.94, 'https://dummyimage.com/621x312', '2025-04-22 04:16:00', 0, 7, 30),
(29, 'Webcam Level 540', 'Building allow eight decision. West gas whose. Sometimes consider world.', 911.72, 'https://placekitten.com/930/980', '2025-05-01 20:59:13', 1, 6, 33),
(30, 'Printer Down 638', 'Ten agency environmental past seat three. Surface million old project season plan. Father plan operation himself as whatever. Car matter serious happen social show book. Rise food hand standard.', 693.06, 'https://placeimg.com/846/461/any', '2025-04-02 07:02:34', 0, 11, 16),
(31, 'Desktop pc Explain 683', 'Or executive put turn. War practice again religious save. Hear wrong fast toward citizen. Provide put for drive. Do or bring thought inside.', 1514.45, 'https://placekitten.com/932/633', '2025-02-27 11:40:09', 1, 14, 18),
(32, 'Racing gear Marriage 386', 'Sell article might game. Large wrong artist then one education from. Agent wonder strategy development build every. Easy because step force. Account ok however hundred. Cut billion southern.', 1128.93, 'https://placekitten.com/861/171', '2024-04-27 18:46:13', 0, 8, 36),
(33, 'Usb drive Without 197', 'All region democratic business news blue. Security marriage thank thought enough view. Forget unit fly pressure. Particular go wish. Big all somebody maintain responsibility.', 37.10, 'https://placeimg.com/519/534/any', '2024-04-14 05:33:54', 0, 10, 15),
(34, 'Games Dinner 151', 'Film wide evening trip. Camera morning decade media home help local detail. Table surface example let. Spend mention half poor me later official live. Treatment free list everything treatment.', 1172.95, 'https://placeimg.com/282/26/any', '2024-05-02 08:50:52', 1, 15, 27),
(35, 'Tablet Those 696', 'Red pattern assume almost example. Degree measure name. Series everybody care dark value Mr new whether. Trial air thank shoulder green figure social popular.', 66.91, 'https://placeimg.com/851/615/any', '2024-01-12 19:40:10', 0, 23, 29),
(36, 'Mousepad Open 743', 'Ready work someone beautiful learn choose summer court. Almost suffer land something. Place growth set market seek environment war.', 1887.15, 'https://www.lorempixel.com/279/114', '2025-06-04 02:28:11', 1, 26, 42),
(37, 'Monitor Be 265', 'Health service defense sport agency send. Score light end travel then. Attack measure power same local fill.', 1717.06, 'https://placekitten.com/210/344', '2024-01-13 04:59:08', 0, 4, 30),
(38, 'Computer parts North 736', 'Chair dream difficult participant cut crime side. Doctor structure change true thank itself. Decision free example opportunity wife.', 1594.86, 'https://placeimg.com/632/165/any', '2024-07-03 14:42:10', 1, 19, 39),
(39, 'Smartwatch Particular 962', 'Include term security hundred. Truth why provide because. Necessary especially none film follow person view eat. Statement himself grow sound late foreign remember.', 1023.10, 'https://placeimg.com/251/807/any', '2023-11-03 01:00:41', 0, 24, 8),
(40, 'Monitor Now 516', 'Style experience town two person city sign. Save whom read almost. Consumer election make side third. Thing especially tax she. Agency cell range whom. Often include return cause.', 619.76, 'https://placeimg.com/83/250/any', '2024-07-26 06:20:27', 1, 4, 19),
(41, 'Mobile Page 220', 'Off keep public if others. Security mention practice. Finish follow impact no plant event. Phone none attorney source fire general about affect.', 1164.62, 'https://placeimg.com/260/365/any', '2023-10-26 13:34:06', 1, 22, 23),
(42, 'Server Mind 150', 'Yard environmental set authority they would age. Citizen stop arm put black wonder story.', 1020.28, 'https://dummyimage.com/825x617', '2025-08-23 00:49:13', 0, 21, 24),
(43, 'Webcam Rule 169', 'Forget always them me every book. Measure measure small him manager better remain person. Ago person business or. Somebody option event fact. Way time indeed close yes price.', 968.40, 'https://dummyimage.com/146x721', '2023-11-22 15:59:38', 1, 6, 5),
(44, 'Server Join 643', 'Easy his same outside apply on. Discuss develop half sister TV wait east. Wish bag charge middle whole certain.', 208.38, 'https://www.lorempixel.com/941/806', '2024-11-20 18:54:34', 1, 21, 9),
(45, 'Docking station Baby 317', 'Shoulder memory effect test. Still subject suggest thousand let food interview. She drug seek else especially organization step.', 1542.02, 'https://www.lorempixel.com/701/974', '2025-06-16 07:39:34', 0, 33, 21),
(46, 'Laptop Discuss 313', 'Bed trip bad whose store behavior. Drug scientist indicate rich nothing as drop read. Song partner civil say soldier receive trouble. Open play may whole away.', 1168.18, 'https://dummyimage.com/1001x230', '2023-11-18 07:34:28', 0, 13, 39),
(47, 'Camera Reason 792', 'Fast step somebody hand degree book seat. Technology exist name response event. Color suffer president standard prevent believe drive now.', 1830.79, 'https://placeimg.com/133/1003/any', '2025-01-13 10:50:46', 1, 7, 28),
(48, 'Desktop pc As 187', 'Than understand election nor stuff effect. Possible necessary often tough. Two student against every position successful star. Find possible specific see loss at.', 1429.06, 'https://placekitten.com/939/977', '2025-09-22 11:50:47', 1, 14, 49),
(49, 'Speakers Growth 903', 'Political form increase lead beyond. Whatever power war responsibility will. Along cover risk. Happy sing question media stock will. So include radio remember determine summer.', 1428.04, 'https://dummyimage.com/855x670', '2025-09-12 01:41:25', 0, 9, 9),
(50, 'Other Degree 763', 'More enough follow night including entire cell. Know opportunity of. Size security market step matter away.', 1902.91, 'https://placeimg.com/482/698/any', '2025-06-18 00:49:52', 1, 35, 14),
(51, 'Keyboard Wrong 302', 'Attention among police. Discover the kind pattern after collection heart. Nature stuff summer carry size. See place less reflect increase tough.', 1654.99, 'https://dummyimage.com/678x573', '2024-03-23 03:23:07', 1, 1, 46),
(52, 'Tablet Effort 371', 'Six we better know very human. Himself why former newspaper strong well suggest peace. Add expert among your. Born executive factor small analysis project situation.', 1471.03, 'https://www.lorempixel.com/242/363', '2024-12-29 16:25:19', 0, 23, 31),
(53, 'Gaming giftcard Back 821', 'Sister music himself trade. Material yeah population page sure pick hair. Big month discover each crime tree if. Matter spend scene bag book center suddenly.', 859.37, 'https://www.lorempixel.com/657/576', '2025-05-22 05:22:07', 1, 32, 35),
(54, 'Printer Run 485', 'Course also dream. Half night car consumer cost. Only look improve apply. College level partner study it. Determine decide back new president. Issue opportunity return east page.', 1471.70, 'https://www.lorempixel.com/702/761', '2024-09-28 08:15:44', 1, 11, 39),
(55, 'Controller Born 249', 'Gun serve foreign point arm. Check will top decide size lot positive. Next find take home red. Because every spring year kind institution another. We wrong reflect college card nothing.', 1413.77, 'https://dummyimage.com/700x200', '2024-11-14 03:57:41', 1, 28, 21),
(56, 'Smartwatch Partner 942', 'Population feel score. Thus question answer southern soldier animal item. Pm agreement month scene argue increase than.', 568.50, 'https://dummyimage.com/767x760', '2025-09-16 06:39:54', 0, 24, 33),
(57, 'Laptop Resource 181', 'Effect party drive walk better kind. My each kid must behind subject. Include bad nearly none. World defense piece better.', 1422.79, 'https://placeimg.com/543/406/any', '2024-08-10 01:56:32', 0, 13, 1),
(58, 'Other Pressure 618', 'Yes yard keep several drive campaign major. I concern future likely short citizen group cell. Want especially include growth late. Little serious three. Maybe democratic Congress hundred no.', 448.02, 'https://placeimg.com/355/820/any', '2024-11-17 21:43:14', 1, 35, 5),
(59, 'Mouse Poor 162', 'Like force perhaps power interview hope. Beautiful push responsibility. Study particular production. Employee front coach beat.', 297.31, 'https://dummyimage.com/908x150', '2025-01-29 20:22:10', 1, 2, 30),
(60, 'Desktop pc Own 266', 'Door reveal weight woman throughout prepare produce ball. Thought either nation economic eat writer. Hospital stay particularly radio least purpose remain. Bill itself brother foot cause fund.', 86.96, 'https://placekitten.com/292/19', '2025-03-15 08:18:49', 1, 14, 13),
(61, 'Desktop pc Society 126', 'Table allow card. Sort research walk last no. Modern success interesting perform often resource. But party each effect. Newspaper might herself billion want and. Window boy service management.', 1640.76, 'https://placeimg.com/677/835/any', '2023-12-27 02:05:23', 0, 14, 18),
(62, 'Toaster Reveal 457', 'Hair program similar. Approach fine early condition.', 87.33, 'https://www.lorempixel.com/829/495', '2024-04-25 11:00:35', 1, 25, 11),
(63, 'Tv Information 895', 'Accept down end hold. Work strong movement interest half. Partner involve mission pressure.', 688.27, 'https://dummyimage.com/996x320', '2024-10-21 11:46:13', 1, 29, 49),
(64, 'Games Research 532', 'Age personal world least. Be box performance north agency season baby. Read pick yourself meet let couple. Son once main why home treat war wind. Today start dinner accept plant.', 1799.23, 'https://dummyimage.com/373x307', '2025-02-17 05:08:46', 0, 15, 2),
(65, 'Racing gear Business 765', 'Site less remain pick join later pass. Nothing skin claim radio must.', 258.90, 'https://dummyimage.com/768x304', '2025-03-15 17:39:50', 0, 8, 10),
(66, 'Switch Back 863', 'Trial season same. To institution never record town relate idea deep. Weight notice allow material debate believe bed. Artist beyond scene surface arm billion use well.', 1589.81, 'https://dummyimage.com/656x654', '2023-11-19 01:28:23', 0, 18, 14),
(67, 'Keyboard Growth 244', 'Less less fight major ten stay. City end alone involve. Color teach whether year site magazine happen. Assume line subject hold data bit.', 1561.84, 'https://dummyimage.com/117x433', '2025-06-30 04:20:55', 0, 1, 33),
(68, 'Other Get 995', 'Water laugh though total north energy. Production song several message compare. Hundred hope not rest your she hair.', 1981.80, 'https://www.lorempixel.com/676/298', '2024-03-14 19:04:09', 0, 35, 40),
(69, 'Controller Shake 114', 'Great professional front whole specific court art. Reflect film course. Great different those size fill. Material draw all.', 1935.46, 'https://placeimg.com/441/638/any', '2025-03-24 21:59:26', 0, 28, 24),
(70, 'Monitor Sport 216', 'Particularly hospital cultural. Leg program suggest require place. Entire sign event. Determine behavior message none second ago relationship. Recently stock capital spring economy thousand.', 1946.05, 'https://placeimg.com/897/918/any', '2024-11-21 10:18:16', 0, 4, 29),
(71, 'Console Nature 570', 'Pm natural evidence work hundred. Treat great site state. Accept develop analysis themselves beyond few compare.', 1148.64, 'https://www.lorempixel.com/255/297', '2025-08-09 09:54:32', 0, 12, 8),
(72, '3d printer Similar 881', 'Late property result which call. Us risk return rate discuss series call. Mr song them development. Dream dog open environmental four total drop face. Up ok open.', 1333.06, 'https://dummyimage.com/145x619', '2023-12-20 12:13:03', 1, 20, 20),
(73, 'Keyboard Right 674', 'Decide doctor cup red. Growth politics cut possible. Meet culture father without. When hotel indeed return. Office game group cover fish else yourself.', 509.55, 'https://www.lorempixel.com/722/713', '2025-04-25 18:56:39', 0, 1, 34),
(74, 'Smartwatch Our 864', 'Travel maintain threat forward staff these. Line expert leader side truth. Threat more buy list learn fund father. Wind include key age. Expect structure who white.', 1894.80, 'https://www.lorempixel.com/434/451', '2025-01-01 22:28:18', 1, 24, 21),
(75, 'Vr Recent 895', 'Music yet prepare less option girl. Protect property section pull worker. Similar wear certain good. Not but task probably bad difference. Decade third fund source foreign.', 1769.70, 'https://placeimg.com/757/709/any', '2024-02-05 05:56:04', 0, 34, 12),
(76, 'Printer Food 175', 'Against suddenly time medical heavy bank. Land wind discussion institution. Town join about skill war little scene fill. Task both second today today soldier coach.', 1319.83, 'https://placeimg.com/460/423/any', '2025-02-02 01:19:37', 1, 11, 19),
(77, 'Usb drive Shoulder 334', 'Me company tell fund knowledge above data east. He goal partner sport including each ask history. Provide nice the forward. State and arrive admit prepare sound not.', 563.35, 'https://placekitten.com/578/951', '2025-06-22 15:31:44', 0, 10, 21),
(78, 'Webcam All 193', 'Discover find star total push. Military build respond base specific learn cup. Home property sing him understand. Audience affect positive traditional.', 1333.09, 'https://placeimg.com/793/815/any', '2025-08-18 19:45:09', 0, 6, 48),
(79, 'Gaming giftcard At 951', 'Skin message ok country apply bill picture. Pretty reduce letter policy. Player nor down speak run every. Letter want special experience country later.', 945.61, 'https://www.lorempixel.com/443/163', '2025-07-08 05:58:10', 0, 32, 10),
(80, 'Mobile Evening 797', 'Oil world ten stage value check TV third. Argue him decide accept commercial need. Total sometimes involve important fear next reflect newspaper.', 558.53, 'https://dummyimage.com/13x234', '2025-04-18 02:16:05', 1, 22, 39),
(81, 'Switch Certain 158', 'Seven news show town meet. Station experience end return travel. Statement drop president occur.', 1884.18, 'https://www.lorempixel.com/514/477', '2025-02-21 00:23:14', 1, 18, 14),
(82, 'Keyboard Institution 974', 'Sell pretty age according measure issue these blood. Race answer reach parent company read run. Area but or shoulder. Break professional green course scene Mr away. Street add charge born good.', 555.28, 'https://placeimg.com/653/991/any', '2025-04-09 14:43:12', 0, 1, 19),
(83, 'Mobile Him 398', 'Bed world yeah whole area. Game manage professor paper very manager. Carry despite different short let woman forget. House important number exactly create president citizen two.', 778.67, 'https://placekitten.com/322/160', '2025-06-01 10:14:23', 0, 22, 28),
(84, 'Tablet Race 555', 'Dinner finish development economy. Economy they general above certainly least. Deep dinner buy ten. Support huge cup give. Speak anyone film light send score green kid.', 765.84, 'https://www.lorempixel.com/95/932', '2024-03-17 06:09:15', 0, 23, 9),
(85, 'Monitor Everything 900', 'City kid bill design leave lay recent. Occur onto other song employee officer save. Role assume find think. Foreign store common particular. Spend one effort forward.', 512.41, 'https://placekitten.com/348/156', '2023-11-06 04:00:21', 0, 4, 46),
(86, 'Cables Health 297', 'Different or yard station development ask argue. Same civil tree about son suffer development. Win try plant. Sit style section home million.', 533.32, 'https://dummyimage.com/951x14', '2023-10-14 16:00:54', 0, 27, 22),
(87, 'Mobile Land 570', 'Office information game group again push card. Cup fine attention six the. Keep wait not easy enter.', 1659.25, 'https://www.lorempixel.com/777/430', '2023-11-19 02:43:31', 1, 22, 12),
(88, 'Laptop Care 409', 'Way film then impact. Establish resource civil hard significant live. Here theory hotel million amount whatever forget. Community very light arrive manager concern international. House decide expert.', 1155.04, 'https://dummyimage.com/867x732', '2024-01-17 03:33:20', 0, 13, 41),
(89, 'Keyboard Hot 715', 'Production red hundred better. Read really project before them around hear prepare. Reason tough woman military thing that agent. Particular fish production door.', 1346.81, 'https://placeimg.com/474/621/any', '2025-09-22 05:28:21', 0, 1, 29),
(90, 'Laptop Brother 176', 'Indicate individual value then health ground. Describe system myself knowledge leader rock light. Store must represent truth.', 1392.91, 'https://placekitten.com/730/531', '2025-03-23 11:45:54', 0, 13, 1),
(91, 'Tv Election 929', 'Drug tonight close however. Lawyer live too. Local half see consumer. Officer remain two occur drop consider usually scene.', 1273.62, 'https://www.lorempixel.com/146/321', '2024-03-21 07:16:43', 1, 29, 12),
(92, '3d printer Late 125', 'Sort stand thing sea hope room. Law standard scientist interest effort base. Dream audience suffer federal. Set executive only truth let north. Truth church however lawyer.', 1890.35, 'https://dummyimage.com/280x205', '2025-03-01 00:59:00', 1, 20, 30),
(93, 'Keyboard Laugh 871', 'Support effect keep answer daughter real though business. Health still house raise direction. Leave current glass art cell yard. Building form though charge growth.', 1318.67, 'https://www.lorempixel.com/28/421', '2025-01-12 16:25:21', 0, 1, 33),
(94, 'Speakers Look 561', 'Son size western test easy process beautiful. Me already art Congress. Late forward back without. Music our course perform. Authority account far improve.', 780.76, 'https://placeimg.com/716/555/any', '2024-07-15 21:07:54', 0, 9, 42),
(95, 'Switch Military 592', 'Family back more protect ago. Hot seat me data. Learn common toward later service simple. Some left attack activity. Lawyer forget energy matter skin. Process campaign language natural out.', 202.04, 'https://placekitten.com/854/615', '2025-09-07 19:02:22', 0, 18, 7),
(96, 'Soundbar Threat 555', 'Base another recently card. Opportunity soldier difference amount science economic something. Someone down performance present growth individual. Mention provide official enough amount see more.', 1469.64, 'https://www.lorempixel.com/939/85', '2024-03-27 19:59:41', 1, 30, 2),
(97, 'Other Magazine 246', 'Baby public meeting method similar responsibility away young. Claim feeling real upon table energy. Thousand professor appear.', 403.90, 'https://placekitten.com/56/46', '2024-03-07 10:02:11', 0, 35, 23),
(98, 'Docking station Agent 308', 'Case feel us agency ground option teacher. Blood prevent last assume would whole. Account big first blue PM. Candidate here just character. Like office not but city like. Keep mother eat word other.', 1517.80, 'https://dummyimage.com/542x958', '2024-12-27 10:28:18', 1, 33, 13),
(99, 'Tv Land 192', 'Congress but final enjoy rather free life. Question speak southern conference place Republican. Plan get month fly pressure little. Indicate hold environmental career.', 1892.75, 'https://www.lorempixel.com/643/877', '2024-06-26 17:16:54', 1, 29, 33),
(100, 'Controller Production 663', 'Evidence and yet ahead. Company across pretty product defense season newspaper. Fight ground system step though. Happy administration hundred site nor.', 1686.36, 'https://placekitten.com/515/148', '2025-01-08 12:25:00', 0, 28, 49),
(101, 'Desktop pc Somebody 411', 'Blue miss story certain cup. Long nothing avoid argue white safe option. Question Democrat happen. Treatment image ball nature hit citizen other career. Computer poor term already resource.', 508.14, 'https://www.lorempixel.com/547/477', '2024-07-05 06:55:59', 0, 14, 16),
(102, 'Mousepad Enough 161', 'However television attack effect edge live admit price. Big behavior film picture wide. Pass avoid finally appear out size page. Machine author class break box western tonight.', 990.69, 'https://placekitten.com/773/405', '2024-01-13 07:45:04', 1, 26, 7),
(103, 'Mobile Church 354', 'Get often operation best knowledge visit. Evening watch kitchen heart nature sign cost. Little to talk anyone. Season into trip ten. Attorney just thing. Difficult push design according smile.', 1233.71, 'https://placekitten.com/330/595', '2023-12-26 07:18:49', 1, 22, 20),
(104, 'Toaster Important 810', 'Notice plan while laugh. Activity production strategy star cover light.', 609.76, 'https://placekitten.com/189/472', '2024-05-29 04:06:39', 0, 25, 4),
(105, 'Speakers Hold 838', 'Spring surface benefit test identify director. Author north dream you enough position. Consider account difference we my.', 876.82, 'https://placekitten.com/802/26', '2025-04-16 20:50:59', 1, 9, 13),
(106, 'Smartwatch Indeed 893', 'Cover language production film. Today sea order free. Test American country wrong. Remember audience our argue economic choice institution. Same down fact. Upon sure may.', 568.23, 'https://www.lorempixel.com/213/182', '2025-06-01 08:06:33', 1, 24, 30),
(107, 'Printer Media 904', 'Player management want drive set environmental. Way collection outside soldier outside. Another movie worker choose much. Tough role actually challenge guy join.', 55.39, 'https://dummyimage.com/99x519', '2025-04-27 09:50:11', 1, 11, 14),
(108, '3d printer Cell 531', 'Move onto along often role. Skill trade scene. Often necessary accept else market. Assume look report south song article determine. Treatment product whose low evening place.', 1452.99, 'https://placeimg.com/145/85/any', '2024-10-07 01:09:01', 1, 20, 25),
(109, 'Headset Off 643', 'Feel here explain job. Design research win hospital sound. Side argue begin none billion voice. Skill training huge include receive. Serious tonight film less tough coach.', 1060.96, 'https://dummyimage.com/962x1012', '2024-04-04 23:32:58', 0, 3, 30),
(110, 'Mousepad Place 687', 'Account hair real scene ball. Represent actually bill minute all body themselves. Generation western play anyone wait anyone upon. Parent billion system account. Argue result almost sport.', 1612.26, 'https://www.lorempixel.com/726/939', '2025-07-20 18:21:14', 1, 26, 5),
(111, 'Soundbar Reveal 605', 'Public white call response. Few grow could off fire newspaper together military. Picture tonight task cup.', 821.05, 'https://placekitten.com/14/10', '2025-04-27 10:11:34', 0, 30, 13),
(112, 'Headset Life 898', 'Return executive night result discover term month. Truth remain property true heavy PM need. Meeting degree even among.', 1334.16, 'https://placekitten.com/829/657', '2025-05-27 17:02:55', 0, 3, 16),
(113, 'Soundbar True 826', 'Room animal consider population game. Bill tonight rate answer onto. Sell know note government hotel brother. Thing involve toward among. Single fill feeling.', 241.58, 'https://placeimg.com/495/440/any', '2024-09-10 05:04:13', 0, 30, 44),
(114, 'Headset Others 876', 'Course realize despite common traditional century hope. Skill TV run may. Interest available candidate. Mrs Mrs sing until big. Whatever product black material mean. Head service plan local right.', 1481.33, 'https://placeimg.com/304/128/any', '2024-01-27 01:45:13', 1, 3, 46),
(115, 'Headset Property 183', 'Part learn finally can contain. After really notice three listen rich. Life note say nation near sound. Outside push difficult third teacher success wide.', 497.70, 'https://dummyimage.com/453x503', '2025-09-25 15:23:48', 0, 3, 2),
(116, 'Laptop His 904', 'Experience service look add box watch help. Those at his stuff improve amount hope. Country here realize fund again. Where war land space tell keep other it.', 656.21, 'https://placekitten.com/136/653', '2025-06-21 04:03:37', 1, 13, 27),
(117, 'Server Everyone 829', 'Month theory foot. Purpose imagine energy spend city blue population decade. To prove generation black discover image. Response music want. Spring yeah according car.', 1682.10, 'https://www.lorempixel.com/372/690', '2023-10-10 05:02:01', 0, 21, 45),
(118, 'Tablet Standard 440', 'Time style sort eye fight possible training. Special give bed deal international. Standard laugh both drive face several. Might two top assume.', 1498.06, 'https://www.lorempixel.com/317/832', '2025-02-15 04:17:39', 1, 23, 12),
(119, 'Printer Charge 763', 'Artist improve off team natural. Mission pretty nice almost among open little. So we into list happy. Capital benefit yard set moment attention ever.', 895.23, 'https://placeimg.com/216/295/any', '2024-07-09 22:57:22', 1, 11, 11),
(120, 'Tv List 755', 'Word parent should protect. Near southern every knowledge how ahead. Doctor always base debate character play threat. Write few day make want remember. Lay magazine middle local.', 270.23, 'https://placekitten.com/379/766', '2023-10-29 09:24:10', 1, 29, 11),
(121, 'Vr She 358', 'Sing different structure write ever. Likely someone couple. Exist miss industry know life but small soldier. Loss expert lot pull part poor use.', 1305.21, 'https://www.lorempixel.com/73/154', '2025-04-06 13:27:52', 0, 34, 2),
(122, 'Camera Create 788', 'Development fast task each probably picture successful. Budget pattern skill argue necessary fast. Realize boy side.', 734.03, 'https://placeimg.com/795/170/any', '2024-04-16 02:42:50', 1, 7, 9),
(123, 'Controller Fact 229', 'Reduce there son lead area. Charge outside buy court. Player enjoy certain simply. Anything guy firm major section.', 169.65, 'https://placekitten.com/496/635', '2024-11-11 15:26:48', 0, 28, 20),
(124, 'Desktop pc Here 557', 'Tv right third put memory she. Ground never during economy environmental job. Drug either campaign matter service summer. Finally see can up research huge.', 758.05, 'https://www.lorempixel.com/1/76', '2025-03-24 01:36:35', 0, 14, 43),
(125, 'Monitor Blood 625', 'Bag outside seem per PM voice. Attention billion finish job. Quite authority technology music want. Company less generation design often.', 1490.66, 'https://placekitten.com/910/46', '2025-07-23 18:08:32', 0, 4, 46),
(126, 'Controller Simply 640', 'Thank ok size if. Everything southern foot travel newspaper risk serious. Reality who skin mention good rock. Say bring despite society from kid wish. Fight training election.', 291.97, 'https://placeimg.com/700/746/any', '2023-12-17 20:29:08', 1, 28, 45),
(127, 'Mobile This 190', 'Respond soldier require message. Pull again region small nearly price thus. Lay more practice nearly make up. Impact arrive strong card result.', 62.10, 'https://placekitten.com/568/824', '2025-09-01 23:43:35', 0, 22, 37),
(128, 'Controller Goal 198', 'Oil people real paper range billion even age. Entire strategy again often full hit whose. Well serve agent. Spend idea avoid. Finally get chance rich not particularly behind.', 613.29, 'https://www.lorempixel.com/794/62', '2023-12-12 01:21:09', 0, 28, 48),
(129, 'Mousepad Up 309', 'Grow region stay why together. Discover minute environment detail his stop customer. Forget civil save go. Blood hear stop else international.', 1192.98, 'https://dummyimage.com/769x854', '2024-07-27 06:35:03', 1, 26, 24),
(130, 'Desktop pc Hard 739', 'Particularly difficult common manage learn bank I. Idea picture listen discuss.', 620.13, 'https://placekitten.com/694/928', '2024-05-08 03:44:01', 0, 14, 44),
(131, 'Tv Task 137', 'Edge leg type carry management. Old clear make stay analysis road sense family. Message recognize carry try.', 340.57, 'https://dummyimage.com/705x879', '2023-10-26 11:27:01', 1, 29, 11),
(132, 'Usb drive Throughout 545', 'Enjoy make new girl although computer. Memory sometimes recently. Hold strategy action religious method begin prove.', 630.29, 'https://placeimg.com/717/246/any', '2025-01-15 04:35:45', 1, 10, 9),
(133, 'Toaster Choice 815', 'Plant force son herself trial relate including onto. Finally manager room benefit family environmental north. Collection race whom almost guess thousand senior bar.', 1509.04, 'https://placeimg.com/859/820/any', '2024-12-03 18:08:06', 0, 25, 36),
(134, 'Tablet Traditional 753', 'Bar fall bank network. Peace feeling quite direction police form well energy. Recent recognize actually anyone. Minute social prepare chair.', 1511.61, 'https://www.lorempixel.com/391/192', '2024-11-26 17:32:45', 0, 23, 5),
(135, 'Printer Place 828', 'Newspaper drug reach. Ago law about network scientist off. South job fund eight news evidence speak.', 659.85, 'https://placeimg.com/552/668/any', '2025-06-17 13:13:38', 1, 11, 43),
(136, 'Computer parts Order 216', 'Particular mission movement throughout tend policy. Music benefit budget everyone often now. Care war mouth paper sign source property. Charge couple act.', 223.81, 'https://www.lorempixel.com/822/245', '2025-01-24 20:40:05', 0, 19, 1),
(137, 'Soundbar Chance 278', 'Develop education least. Also employee list should particularly. Responsibility month especially class address response impact finally.', 946.24, 'https://placekitten.com/23/118', '2025-08-02 03:28:51', 1, 30, 19),
(138, 'Controller Garden 144', 'Although sense black onto to already. Manage others ahead throughout. Friend yet improve business. Food development physical leader hair.', 1870.13, 'https://dummyimage.com/874x155', '2024-09-28 02:06:36', 0, 28, 33),
(139, 'Racing gear Per 471', 'Rule technology environmental pretty two drive us. Think friend plan call truth under. Blue sit fear across blood occur.', 1828.70, 'https://www.lorempixel.com/781/556', '2023-12-23 05:50:48', 1, 8, 8),
(140, 'Windows key Child 921', 'Option later light management guy plan catch. Federal many mind production actually media. Southern perhaps have. Section item many. Soon six thank it yeah industry.', 1242.72, 'https://www.lorempixel.com/873/720', '2025-04-13 18:24:40', 0, 31, 17),
(141, 'Mobile Compare 258', 'Myself laugh his artist west. Standard reduce population nor up drive. Kid view you nor. Better point such moment hair side identify.', 697.87, 'https://placeimg.com/1021/954/any', '2025-02-26 00:23:41', 0, 22, 36),
(142, 'Monitor Once 991', 'Poor represent laugh. Over late air above table or baby street. Special meeting grow computer four. Too buy management.', 1539.61, 'https://dummyimage.com/693x2', '2025-03-18 01:48:04', 1, 4, 47),
(143, 'Tablet Security 688', 'Five themselves yourself agree treat share realize. Everything continue blue assume dinner read. Become certainly record structure large feel. Speech sit special man establish part.', 219.11, 'https://www.lorempixel.com/641/307', '2024-09-06 06:55:55', 1, 23, 28),
(144, 'Desktop pc Important 316', 'Event room be. Compare rise her who chair term. Five table way probably. Role successful note soon happy pressure close. Price source usually thus there president. Day piece pass others cut else.', 980.45, 'https://placekitten.com/698/676', '2024-12-16 16:06:30', 1, 14, 47),
(145, 'Mousepad Young 828', 'Pretty animal decade. Worry door page hour water. Majority whose structure course ball staff dream. Car avoid particular data grow. Difference west state. Capital improve the indeed.', 1660.47, 'https://www.lorempixel.com/831/556', '2023-12-31 16:15:21', 0, 26, 22),
(146, 'Headset Budget 589', 'Protect represent summer about. Argue fact employee ready truth information. Discuss claim determine me cup far pattern. Skill professor well chair. Subject ask simple alone better car occur.', 1001.59, 'https://placeimg.com/959/682/any', '2025-07-18 17:43:04', 1, 3, 4),
(147, 'Racing gear Oil 640', 'Of rather perhaps executive push friend often. Game avoid role newspaper truth whom where green. Crime billion Republican nation. Into enter choice sing.', 201.26, 'https://www.lorempixel.com/524/215', '2025-01-22 15:01:39', 0, 8, 35),
(148, 'Mouse Action 288', 'Tree defense crime story. Floor mouth do nor. Debate world store single. Check early worker teach college. Seven why fly ever.', 1535.97, 'https://www.lorempixel.com/243/176', '2024-12-22 13:00:17', 0, 2, 47),
(149, 'Mobile Once 713', 'Range unit society ready. Daughter range throughout and. East north political I. Teacher first he tend card stock.', 1707.63, 'https://dummyimage.com/228x646', '2024-06-12 04:30:51', 1, 22, 9),
(150, 'Tv Born 685', 'Home however significant teach he. Water cell until return writer air class. Market goal image rate. At toward outside heart technology.', 607.20, 'https://www.lorempixel.com/958/362', '2025-05-22 09:26:19', 0, 29, 47),
(151, 'Controller Every 511', 'Herself wear develop follow. Each go federal short ask represent word finish. Probably cut international dark put allow should mention.', 323.98, 'https://www.lorempixel.com/417/927', '2025-03-29 13:57:29', 0, 28, 42),
(152, '3d printer Manage 724', 'Identify build current past dream political. College by activity tell consumer candidate. Like area statement soldier show. Once about fire land collection far establish.', 1380.22, 'https://dummyimage.com/876x1019', '2025-05-20 21:09:12', 1, 20, 2),
(153, 'Camera Policy 442', 'Sort add ok bed each building song late. Population language security. Point community travel push.', 584.32, 'https://placeimg.com/636/472/any', '2025-04-28 15:23:12', 1, 7, 9),
(154, 'Webcam Tell 340', 'Never personal together theory resource. Office increase agree compare. Receive live sea. Expert factor quickly sometimes detail authority child. Size growth author sense less something.', 496.95, 'https://dummyimage.com/900x410', '2025-08-03 22:59:21', 1, 6, 38),
(155, 'Controller Poor 860', 'Community these group bar picture which include. Pm agree through leave order. Some list order section respond worry town. Thus you laugh environment put.', 385.39, 'https://dummyimage.com/443x141', '2024-06-02 17:03:55', 1, 28, 15),
(156, 'Tv Now 745', 'Her room air popular surface less day perhaps. Sort teacher send half per. Somebody hit truth. Ground of owner read people.', 1820.39, 'https://dummyimage.com/15x1011', '2025-06-19 06:30:27', 1, 29, 17),
(157, 'Server Fast 867', 'Week third house standard. Body myself bed wonder stand book do upon. Civil radio air father owner war special.', 614.42, 'https://www.lorempixel.com/216/278', '2025-06-25 02:06:32', 1, 21, 21),
(158, 'Camera Stuff 738', 'Perhaps these often where stuff right. Necessary direction less agency can beat leave. Sell reflect sport way plan.', 280.03, 'https://placekitten.com/872/954', '2024-04-22 11:15:31', 0, 7, 40),
(159, 'Toaster Early 682', 'Travel every thousand before present son fact. Rest support drug question anyone stop. Rule dog raise lawyer instead girl.', 1022.00, 'https://www.lorempixel.com/212/392', '2024-06-03 03:50:47', 1, 25, 30),
(160, 'Smartwatch Customer 935', 'Activity white such every beautiful. Protect natural finish authority house. Quickly institution ask. Store glass sort use general partner instead toward.', 1586.31, 'https://placeimg.com/887/3/any', '2023-10-13 13:14:26', 1, 24, 6),
(161, 'Games He 334', 'Yes month trade him manager hair major. Reach set American participant step. Deep check book plan factor indicate traditional. Light perhaps paper.', 1163.53, 'https://placekitten.com/332/469', '2025-03-22 07:32:50', 0, 15, 43),
(162, 'Gaming giftcard Must 888', 'Suffer budget later. Action break interesting quite situation kid. Enough you opportunity team avoid. Country actually either. Also final wrong charge clearly argue.', 1470.79, 'https://placeimg.com/11/185/any', '2023-11-28 15:51:16', 1, 32, 22),
(163, 'Mouse Cold 452', 'Perform to animal describe. Technology agency parent provide tough. Rate necessary paper probably agreement. Behavior their for money skin if. Major necessary another college activity can.', 1383.76, 'https://www.lorempixel.com/1015/704', '2025-07-21 07:40:27', 1, 2, 34),
(164, 'Cables Season 814', 'By rock quality perhaps international smile. Water throughout wife second into maintain.', 293.01, 'https://dummyimage.com/808x634', '2025-03-28 11:09:17', 0, 27, 4),
(165, 'Controller Drop 208', 'Suddenly cause know machine state. Line require agency phone beyond church bit. Different month contain growth. Politics sign within trial significant support action.', 804.09, 'https://placekitten.com/726/578', '2023-10-08 21:22:21', 1, 28, 47),
(166, '3d printer Bad 382', 'Chance sing that produce during. Story standard air coach. Particularly economy tax however attorney future. Image rich travel arm several. True and save cut there offer.', 509.11, 'https://placeimg.com/802/889/any', '2024-09-07 20:15:50', 1, 20, 8),
(167, 'Iem Age 403', 'Time PM church significant agree piece. Run international least charge. Small everyone away area enter key think. Always us standard dinner. Trade term condition man. Since standard think behavior.', 921.26, 'https://placeimg.com/984/417/any', '2024-03-07 08:36:37', 1, 5, 28),
(168, 'Mousepad Save 883', 'Idea name present population if campaign final. Them kitchen take it meeting discover. Cost task indeed citizen opportunity station guy arm. Factor west purpose human. Sea travel reach leader.', 1086.39, 'https://www.lorempixel.com/860/697', '2024-11-23 15:59:20', 1, 26, 20),
(169, 'Computer parts Debate 645', 'Want summer sign none his. Yeah step accept hair will me develop. Per factor clear clearly successful fear. Me still century air point. Far itself capital various.', 802.77, 'https://dummyimage.com/618x230', '2024-04-16 16:55:29', 0, 19, 49),
(170, 'Soundbar Focus 872', 'Glass begin collection. Congress today PM now meeting race. Four among store. Third loss identify until. Understand per important travel.', 816.07, 'https://placeimg.com/594/918/any', '2024-04-04 08:59:37', 1, 30, 43),
(171, 'Controller Someone 821', 'Agency question buy door push. Walk respond item focus country two. Education open hot can think positive.', 1785.99, 'https://www.lorempixel.com/589/849', '2024-12-11 02:05:24', 0, 28, 23),
(172, 'Games Chair 174', 'Just security no difference require my. Leader between write. Wonder cause daughter wait discuss. Deep would child whatever party name. Wind eat important wait.', 720.13, 'https://placekitten.com/43/872', '2024-04-17 09:22:45', 1, 15, 29),
(173, 'Tv Stage 524', 'Fund reason person certainly current. Sort true industry. Front form charge production seek purpose product.', 1837.71, 'https://dummyimage.com/280x192', '2025-07-12 23:54:34', 1, 29, 14),
(174, 'Laptop Political 158', 'Radio red common attorney. Word boy sell member toward. Everyone range song real minute. Blue but sister use science current oil big. American some always writer enjoy.', 909.24, 'https://dummyimage.com/329x366', '2024-10-11 03:13:22', 0, 13, 4),
(175, 'Speakers Would 884', 'By family board other might relate drug develop. Its tree particular beyond. Establish painting person rock beyond far doctor.', 414.72, 'https://www.lorempixel.com/571/805', '2025-03-20 02:35:59', 0, 9, 7),
(176, 'Headset Home 853', 'This always great. Article size hair age tend quite near season. Something prevent relationship fish conference economic.', 1633.28, 'https://www.lorempixel.com/386/31', '2024-05-14 06:21:45', 1, 3, 34),
(177, 'Racing gear Different 907', 'Much choose color long. Store industry war consider not above. Be wife measure radio chance discussion pick. We present board great increase story. Whether however else seven sign cell together.', 1423.71, 'https://dummyimage.com/243x265', '2025-07-03 09:12:30', 1, 8, 17),
(178, 'Usb drive News 232', 'Pm occur we modern heart nature. Edge outside tell hair high of. Decide ago number still. Special half marriage show. Six traditional write.', 220.21, 'https://placekitten.com/446/776', '2024-07-14 00:27:59', 1, 10, 22),
(179, 'Headset Cultural 474', 'Price travel thing country recognize finally. Among bed win she present mouth.', 83.94, 'https://www.lorempixel.com/31/756', '2024-08-01 00:52:43', 1, 3, 29),
(180, 'Toaster Control 986', 'Left quality adult career. Same seem point important adult traditional. Song article sound identify view itself. Speech expect interest prove order positive.', 401.06, 'https://placekitten.com/77/404', '2024-08-02 17:28:09', 1, 25, 31),
(181, 'Cables Amount 301', 'Spring machine us data. Analysis inside learn someone. College participant become. Meet challenge prove production nice one. Reach entire discuss collection appear clear brother.', 1959.21, 'https://placekitten.com/468/514', '2024-09-24 11:40:46', 1, 27, 3),
(182, 'Tv Material 506', 'Eat produce close cost name politics. Ever election between performance. Sign main hard nearly drug store. Too born newspaper tree. Collection network poor child of.', 1484.62, 'https://www.lorempixel.com/129/458', '2025-01-14 22:47:56', 0, 29, 46),
(183, 'Keyboard Old 108', 'Tend natural beat south teach sea. Cut TV few. Sure executive free thing discuss few.', 1952.96, 'https://placeimg.com/921/380/any', '2025-09-14 21:22:14', 1, 1, 30),
(184, 'Printer Fact 978', 'They one drive choose authority type. Onto human seek similar. Just memory author south issue top operation.', 1176.94, 'https://dummyimage.com/801x815', '2024-03-12 19:24:05', 0, 11, 4),
(185, 'Speakers Past 471', 'Music time fund how. Hope prepare set never next could about. Share audience study body walk. Option national establish break site land. Conference trial arm hour beautiful. Long former spend.', 1170.01, 'https://placeimg.com/315/906/any', '2024-03-25 08:39:13', 0, 9, 49),
(186, 'Usb drive Similar 426', 'Program hear window investment home. Source would age possible chance. Power first brother serious citizen. Fear fill young east technology. Some mouth sort.', 643.97, 'https://placeimg.com/752/1003/any', '2024-05-13 08:37:27', 0, 10, 20),
(187, 'Tablet Chance 775', 'Price challenge remain much share baby north difference. Describe Mr score someone read pay.', 21.06, 'https://placeimg.com/851/920/any', '2023-11-03 15:26:39', 1, 23, 37),
(188, 'Computer parts Group 918', 'No place western later sound too should. Particular time hard as realize sell. Age sense particular yourself. Indeed whether human voice poor system watch. Where both social subject.', 303.55, 'https://placekitten.com/103/282', '2024-09-17 04:34:11', 0, 19, 27),
(189, 'Mobile Despite 909', 'Your think yet prevent. Different less return away focus fish stay get. Seek never instead his need. Race tonight health perhaps listen. Health current view company rest.', 1649.62, 'https://placekitten.com/290/738', '2024-07-22 19:26:20', 1, 22, 32),
(190, 'Controller Anything 289', 'Dark do quality summer. Hope so experience allow decide. Especially painting job product. Today explain picture young little alone.', 185.22, 'https://www.lorempixel.com/940/387', '2024-02-18 18:53:05', 1, 28, 14),
(191, 'Mousepad Wrong 970', 'Rest physical center skin. Six of fear analysis rule science wall power. House individual example arrive start during draw. Until produce national game six better age.', 77.64, 'https://placekitten.com/312/859', '2023-10-25 21:20:49', 0, 26, 24),
(192, 'Printer Particular 264', 'During garden young crime yourself might most. During animal rule stage none.', 328.79, 'https://dummyimage.com/219x401', '2025-06-16 04:52:41', 0, 11, 32),
(193, 'Router Approach 715', 'Speech throughout catch. Trip table clearly marriage gun film suggest. While for coach perform father something. Environment without product. Hold paper total standard measure inside story.', 1739.62, 'https://dummyimage.com/409x127', '2024-02-10 22:33:15', 0, 17, 2),
(194, 'Laptop Month 570', 'Color wrong happy great image interesting response. Think interview indicate president. Perhaps development travel eye arm. Mr speech note task. Protect film determine because.', 1936.75, 'https://placeimg.com/184/42/any', '2024-04-06 07:54:10', 0, 13, 4),
(195, 'Toaster Give 411', 'Machine his cover develop least sea. Guess agree husband usually various share within. Wide popular resource four father entire.', 1851.05, 'https://placekitten.com/61/493', '2024-03-15 18:49:06', 1, 25, 41),
(196, 'Headset These 266', 'Sort white her indicate. Suggest win site. Be drive guess sense. I life doctor democratic quality. Once return war source range set on. Way can different successful never rich you.', 1985.75, 'https://www.lorempixel.com/223/594', '2024-05-18 18:41:44', 0, 3, 22),
(197, 'Windows key Three 752', 'Job ball conference actually ok official. Produce choose price community. Across apply contain notice society at. Author above through contain party.', 264.34, 'https://placekitten.com/615/605', '2024-03-16 06:48:24', 0, 31, 2),
(198, 'Tv Artist 671', 'Collection behavior agree trip each situation draw. Reality another industry student move list parent. War matter cultural state where affect. Level its bring all although.', 1571.74, 'https://placeimg.com/641/623/any', '2025-04-14 22:50:51', 1, 29, 24),
(199, 'Laptop Study 794', 'Account create enough community least instead. Care visit respond think program soldier until. Exist conference it bag character. Feeling sense large teacher set throughout within.', 1192.01, 'https://dummyimage.com/824x761', '2024-05-01 13:03:16', 1, 13, 5),
(200, 'Tablet Information 162', 'Man both recognize baby exist international leader. Information hundred important course ability how value degree. Indicate guess accept rise resource with.', 922.96, 'https://placekitten.com/170/815', '2024-03-08 03:17:58', 0, 23, 34),
(201, 'Toaster Candidate 761', 'Chair respond yourself effect dog goal teacher. Ask may authority suddenly. Miss give cost born standard trade. Yeah air source position president leader.', 984.14, 'https://placekitten.com/857/267', '2024-01-11 16:18:50', 1, 25, 21),
(202, 'Controller Answer 267', 'Toward through successful. Allow edge different defense subject care close. Soon brother soon poor summer. Effect from young whole item subject while.', 1079.87, 'https://www.lorempixel.com/862/599', '2024-12-25 10:27:10', 1, 28, 30),
(203, 'Laptop Paper 130', 'Admit yard eight present well interest. Crime own you technology evidence for.', 589.29, 'https://placeimg.com/4/511/any', '2024-02-26 17:10:27', 1, 13, 7),
(204, 'Webcam Professional 796', 'Bank little drug art head. From painting long early old man kid. Language term might sit. Its support me budget. Argue well prove present attack traditional. Computer compare manager alone eye cause.', 1306.50, 'https://www.lorempixel.com/814/427', '2024-10-09 16:05:19', 0, 6, 46),
(205, 'Webcam Growth 186', 'New special message leg put field. Weight education write. Development between news west. Event increase leg brother.', 299.44, 'https://dummyimage.com/219x423', '2024-12-06 03:52:03', 0, 6, 42),
(206, 'Tablet Star 419', 'Pm threat field order add hope purpose. Available finish relate try spend child camera word. Land opportunity staff development Mrs.', 356.10, 'https://dummyimage.com/149x64', '2025-04-29 11:47:28', 1, 23, 21),
(207, 'Mouse Indicate 956', 'Teacher most herself his relate bring. Than recent hotel paper sound western. Answer entire beautiful late tend now important. Between brother fill as avoid.', 1712.89, 'https://placeimg.com/49/339/any', '2024-11-24 15:51:20', 0, 2, 12),
(208, 'Server Sing 633', 'North accept situation send newspaper. Push reason form. Build pay staff unit feel. Story deal everything natural.', 524.58, 'https://placeimg.com/916/569/any', '2025-03-09 06:29:21', 1, 21, 13),
(209, 'Switch Myself 529', 'Size detail address else collection capital. This ten kind eight become tough whether. Low tax throw trial floor base. Not visit any crime. Heart all act over.', 1788.50, 'https://www.lorempixel.com/911/975', '2025-06-26 08:58:32', 1, 18, 21),
(210, 'Iem Score 551', 'Identify scientist across sister material often. Project money fast can drop others fact. Part sure during. Do shake position system two set. Decision modern east certain skill.', 859.92, 'https://dummyimage.com/902x991', '2024-03-18 01:57:59', 1, 5, 25),
(211, 'Gaming giftcard Here 409', 'Senior occur miss education. Quickly detail fear executive. Form among before agree image Republican step. Machine food edge appear kid pressure. Kid write act. Apply song foreign upon century cold.', 747.57, 'https://www.lorempixel.com/502/189', '2024-11-01 10:07:27', 0, 32, 26),
(212, 'Iem Marriage 661', 'Young certain everyone activity matter result piece. Understand low wind space. East lead option agreement quality yard debate.', 1650.99, 'https://dummyimage.com/747x404', '2023-12-03 13:50:41', 1, 5, 19),
(213, '3d printer Design 546', 'Conference area can sort poor officer. Down catch bar front stand under difficult.', 1844.65, 'https://dummyimage.com/399x926', '2024-04-29 02:27:34', 0, 20, 37),
(214, 'Vr Country 283', 'Measure position make since gun child end. Main season child run investment fact with. Perhaps resource anything that those window. Smile with same do. Bit ok need fear hard.', 1159.45, 'https://www.lorempixel.com/312/602', '2024-11-05 16:25:18', 1, 34, 46),
(215, 'Controller Game 857', 'Alone through party good management. Newspaper experience financial strong magazine newspaper. Water world perform pressure sell crime training agreement. See rate ask term explain subject.', 1279.33, 'https://www.lorempixel.com/768/952', '2025-03-03 05:25:56', 0, 28, 13),
(216, 'Games Author 110', 'Film record generation reality apply ever former. Direction company news although yet fear option. Learn result single very less nice or.', 458.93, 'https://www.lorempixel.com/139/866', '2024-06-28 19:59:59', 1, 15, 6),
(217, 'Vr Test 519', 'Policy experience central admit. Trip wife performance herself him radio. Bad chair single professional. Feel buy Congress at nearly none. Radio by different southern skill.', 1228.52, 'https://placeimg.com/926/604/any', '2025-06-20 18:29:58', 0, 34, 37),
(218, 'Tv Sell 663', 'Gas purpose which turn provide cost any. Gun baby lawyer stop story. Personal success drive science sometimes window sell. Phone food government less. Everybody certain throughout human.', 264.49, 'https://www.lorempixel.com/853/755', '2024-06-18 06:25:30', 0, 29, 32),
(219, 'Mobile Perform 927', 'Range thus court. Interview change medical particularly. Hundred almost rich skin.', 874.89, 'https://dummyimage.com/7x509', '2025-03-30 19:35:03', 1, 22, 19),
(220, 'Controller Matter 137', 'Site be weight including. Once summer field miss. Cold own remain. Buy compare new agent manager.', 678.46, 'https://dummyimage.com/663x668', '2025-06-14 23:39:48', 1, 28, 45),
(221, 'Tablet Understand 383', 'It different already learn adult believe yet least. Town table color. Team threat capital. Create cup future worry. Will law right radio successful by item face.', 669.79, 'https://www.lorempixel.com/553/608', '2025-06-28 19:04:57', 1, 23, 26),
(222, 'Router Piece 604', 'Issue begin sense meet how knowledge wrong. Defense industry team expert. Area movie candidate administration your argue product. Put identify really person.', 871.67, 'https://dummyimage.com/741x770', '2024-07-18 13:08:19', 1, 17, 7),
(223, 'Printer Paper 307', 'Population budget center resource inside nothing after. About involve grow lose. Himself however amount successful question. Reach drive building stay.', 580.21, 'https://dummyimage.com/52x995', '2023-12-15 08:40:31', 0, 11, 36),
(224, 'Desktop pc Hand 799', 'Wrong development amount performance she politics. Popular check born everything score manager.', 740.78, 'https://placekitten.com/571/504', '2024-02-21 06:52:00', 1, 14, 22),
(225, 'Speakers Reason 173', 'Use nor half add establish sell maintain. It we amount together rock their three defense. Claim part debate. Many control on career inside where policy.', 234.86, 'https://www.lorempixel.com/636/765', '2024-11-24 18:01:21', 1, 9, 49),
(226, 'Desktop pc Cultural 371', 'Success friend police from cover probably reveal. Seat notice huge land most bar room. Star member garden claim great. Speech officer prevent only us full American paper.', 341.24, 'https://placeimg.com/929/251/any', '2024-11-16 22:57:16', 1, 14, 38),
(227, 'Mouse Boy 148', 'Son about fast at southern company find. Until world sit coach matter since. Four stuff campaign leg. Very quality sell bag power short. Simple west everybody cost among serve goal state.', 968.31, 'https://placekitten.com/706/625', '2023-10-17 09:35:08', 0, 2, 4),
(228, 'Iem Class 808', 'Somebody system house sort. Agency else process development article. Body hair vote turn table. Instead as hotel spring would company.', 1030.51, 'https://placekitten.com/404/641', '2025-09-19 03:29:22', 0, 5, 28),
(229, 'Computer parts Less 669', 'Lose nearly must field approach. Great subject garden election beyond movement participant. Nothing particular single never. Hospital ball drug else.', 1961.35, 'https://www.lorempixel.com/767/551', '2025-04-04 07:08:30', 0, 19, 36),
(230, 'Iem There 312', 'Middle now news television box along. Control over allow movement because daughter travel smile. Necessary wonder everyone already hospital move about.', 1064.42, 'https://placeimg.com/231/168/any', '2024-12-30 13:24:39', 1, 5, 21),
(231, 'Controller If 641', 'Board early alone worry ball. Build green middle office near finally these. Pretty authority door ball food.', 139.51, 'https://www.lorempixel.com/403/538', '2024-10-15 02:17:20', 0, 28, 17),
(232, 'Switch Attention 576', 'Ten true between which. He happy economic doctor other reveal second. He area power leader director meet other.', 1446.30, 'https://www.lorempixel.com/948/32', '2025-07-23 04:26:04', 0, 18, 37),
(233, 'Controller Evidence 195', 'Down alone exactly here wait. Eight score party expect black bar. Move red newspaper goal least run. Talk staff well during task. Remember instead this research money. Cause great throw much accept.', 728.06, 'https://placekitten.com/570/34', '2023-10-16 16:32:07', 1, 28, 42),
(234, 'Router Form 189', 'Teacher also group nation. Ability citizen entire investment. First always sister interview mind. Lot senior feel almost give central can. Father beautiful customer animal on with hear.', 638.16, 'https://www.lorempixel.com/234/981', '2024-02-11 15:42:16', 0, 17, 31),
(235, 'Monitor Evidence 524', 'Quite base finish remain point soldier. Important feeling nature strong clearly series wait. Assume bag religious collection.', 1144.92, 'https://dummyimage.com/621x308', '2025-07-21 09:03:17', 0, 4, 31),
(236, 'Toaster Store 727', 'Method old fear behind whose base middle miss. Course born east reason. Heavy check class investment poor friend Republican. Only concern home method.', 1170.19, 'https://placekitten.com/324/398', '2024-10-28 02:20:00', 0, 25, 17),
(237, 'Keyboard Piece 993', 'Coach get able economy. Pull tree new. Concern half population perhaps keep message. Training word involve. Design enter either minute. Theory dog despite week approach walk agency.', 798.05, 'https://dummyimage.com/574x374', '2025-04-25 18:24:26', 1, 1, 44),
(238, 'Computer parts Art 647', 'Suddenly opportunity window. Power easy seem travel season money. Describe street name dream produce later. Tv investment test rather operation. Director still understand but must daughter.', 1928.31, 'https://placekitten.com/365/633', '2025-08-04 09:47:49', 1, 19, 45),
(239, 'Console Everything 575', 'Development available offer general defense. Else else certainly data. Figure behavior measure audience speak state. Word expect after avoid happy first.', 1821.88, 'https://placekitten.com/265/202', '2025-08-18 19:11:28', 0, 12, 31),
(240, 'Smartwatch Those 631', 'Environment until action they sea civil. Only director total place senior while. President note action walk. Relationship building great music else.', 1112.65, 'https://placekitten.com/720/446', '2024-03-14 15:20:25', 0, 24, 3),
(241, 'Mobile Official 586', 'Consider other cup certain realize. Bill idea million total least of plant. Take participant occur product matter late serve. Yet seek over door card administration.', 1419.28, 'https://placekitten.com/109/536', '2023-11-10 07:52:04', 0, 22, 17),
(242, 'Switch Congress 676', 'Customer center learn modern democratic meeting. Up ever feel director official college camera stuff.', 991.93, 'https://dummyimage.com/866x233', '2024-02-11 18:49:36', 1, 18, 35),
(243, 'Console Follow 523', 'Reflect prevent response. Finally huge story. Risk toward animal respond young full set increase. Loss despite data able form.', 1828.36, 'https://www.lorempixel.com/701/610', '2024-02-20 18:35:22', 0, 12, 4),
(244, 'Toaster Ten 588', 'From probably bar college often. Maybe look learn charge. Which investment current difficult question. Throw of home trip. Space school professor cell area stock size.', 1238.06, 'https://dummyimage.com/519x830', '2025-06-04 00:41:51', 0, 25, 11),
(245, 'Switch Give 181', 'Evening consider population age artist. Glass describe east large door business through. World sister young will show reduce meet build.', 266.14, 'https://dummyimage.com/344x720', '2025-09-19 14:31:34', 0, 18, 25),
(246, 'Cables Start 515', 'Interest why baby fact man power else. Girl he party watch own. What central pass. Poor analysis old for bed direction.', 960.11, 'https://www.lorempixel.com/705/410', '2025-09-02 07:49:08', 1, 27, 22),
(247, 'Controller Anyone 614', 'Now sister important fly baby wind former evidence. Stop baby science base sign. Admit season next popular pretty second smile development.', 561.87, 'https://placeimg.com/910/820/any', '2025-02-19 21:14:15', 1, 28, 46),
(248, 'Docking station Into 368', 'Indeed speech type. Value cover open street you late. Environmental notice sea discover into people. Cell Mrs hand close first game. Strong in to son company foreign people from.', 1062.73, 'https://www.lorempixel.com/40/243', '2025-02-16 01:30:12', 0, 33, 14),
(249, 'Docking station Hand 861', 'New peace buy take wait pattern treatment. Dog leave leg institution clear top. Experience east mean. Western husband set inside.', 1138.31, 'https://placekitten.com/752/405', '2024-01-24 06:59:44', 1, 33, 26),
(250, 'Monitor Rich 768', 'Whom history outside fund idea break. Because impact upon information involve really character. Mouth place although economic name. Understand find sell decision.', 375.99, 'https://placeimg.com/904/987/any', '2024-04-28 15:10:36', 1, 4, 12),
(251, 'Controller Quite 866', 'Probably statement mention past consider loss. Best return table school. Floor say range break. Marriage claim man education everyone leave. Forget there close financial people.', 147.96, 'https://dummyimage.com/921x422', '2024-01-01 00:01:05', 0, 28, 16),
(252, '3d printer Bar 304', 'American write until team lead while role left. Professional husband half understand. Suggest contain risk establish.', 1861.69, 'https://dummyimage.com/126x153', '2024-07-07 08:39:23', 1, 20, 4),
(253, 'Controller Big 198', 'Stock traditional business whatever win shake. Type main after language paper compare. Garden east smile charge forward many. Task argue wonder ability strategy.', 1630.19, 'https://placekitten.com/654/228', '2024-03-29 23:38:02', 0, 28, 9),
(254, 'Cables Feeling 510', 'Employee source wonder. Statement appear political ever never. Trial store effort race. Democratic quite cover size. Game usually share gas position state shake question.', 451.71, 'https://www.lorempixel.com/723/510', '2025-08-18 12:34:30', 1, 27, 39),
(255, '3d printer Prove 492', 'Clear buy use customer support suggest its child. Garden shoulder show thought by something anything. Must agency say. Area nice such foreign partner represent will employee.', 1602.97, 'https://placeimg.com/909/329/any', '2024-06-12 16:20:49', 1, 20, 7),
(256, 'Camera Impact 772', 'Series could return time. Evidence agree defense. Part such spend town once government. Own democratic market order head begin. Stock listen rule itself. So tax can plan great.', 1258.67, 'https://www.lorempixel.com/312/635', '2024-08-21 14:47:20', 1, 7, 13),
(257, 'Camera Religious 238', 'Price sometimes ability political decide ago above thank. Policy spring of. Statement point others must trade must crime full.', 688.38, 'https://www.lorempixel.com/34/585', '2024-08-30 01:42:49', 1, 7, 14),
(258, 'Games Other 842', 'Baby agency point treat. So early open provide face reduce mission whose. Success thing available face candidate assume another. Over ok create from.', 518.66, 'https://placekitten.com/609/246', '2025-03-19 22:07:43', 1, 15, 24),
(259, 'Desktop pc Unit 211', 'Almost real occur trouble. Nice gun send write high. Health perhaps make you budget cause. Head six when state allow. By church continue candidate carry woman.', 1748.32, 'https://placekitten.com/901/975', '2024-11-20 23:24:41', 1, 14, 36),
(260, 'Usb drive Wrong 670', 'West choose buy own group. Laugh determine without main gas. Machine structure should white service leg. Read minute road door. Expert section Mr floor west.', 1074.69, 'https://www.lorempixel.com/524/715', '2024-05-28 04:56:08', 0, 10, 26),
(261, 'Laptop Meet 761', 'Pass hand prevent thank. Save item prove security have. Rock reality push especially. Sound between stuff easy suddenly. Success rest hand science answer.', 1912.33, 'https://placeimg.com/650/129/any', '2025-07-26 06:46:00', 0, 13, 28),
(262, 'Console Tonight 721', 'A according bill general season. Discuss deep media right. Customer clearly player month by hospital push. Style woman character such. Top hair fact face capital surface.', 1025.48, 'https://www.lorempixel.com/284/128', '2024-09-10 15:43:32', 1, 12, 35),
(263, 'Other As 868', 'Film education camera reach. Management study industry. Know every visit. Establish business board president suddenly course. Across can discuss direction hand else. Impact give well wear.', 1540.00, 'https://www.lorempixel.com/247/710', '2024-02-01 11:10:30', 1, 35, 19),
(264, 'Speakers Miss 458', 'Mind can focus use since despite feeling law. Candidate themselves drug sister sound how. Reach just sometimes it official. Commercial American your series. Military front such leave head son seem.', 962.61, 'https://placeimg.com/897/456/any', '2024-08-31 08:41:17', 0, 9, 3),
(265, 'Monitor Likely 456', 'Program loss produce car term church. Share director skin it hospital son age. Apply something political future. Me year age security point firm.', 1598.24, 'https://placekitten.com/865/507', '2023-11-14 03:13:39', 1, 4, 29),
(266, 'Switch Share 868', 'Hospital physical agreement including natural also teach. Conference garden military our. I after environment former look establish fill. Usually rich should long himself.', 505.35, 'https://dummyimage.com/514x493', '2025-04-14 21:05:11', 1, 18, 36),
(267, 'Docking station Bag 554', 'Industry stage stand quality involve. Teach such argue myself south those. Military rule fish common.', 337.43, 'https://dummyimage.com/271x710', '2025-09-08 10:55:16', 1, 33, 5),
(268, 'Webcam Street 896', 'Top image until out. Present respond manage conference among early. Film southern himself benefit short subject most. Must he poor happy.', 1598.83, 'https://placekitten.com/757/52', '2025-07-22 04:16:51', 1, 6, 23),
(269, 'Earbuds Let 284', 'Center key weight pass real. Together agreement night southern five sort. Time question have subject attorney sit. Full only nice stop Mr five.', 1106.32, 'https://dummyimage.com/1015x310', '2024-07-06 14:32:29', 0, 16, 26),
(270, 'Usb drive Science 773', 'Science can ready Mrs film. Much draw group assume. Allow style himself guess main once. Provide media return trip across could any.', 972.38, 'https://www.lorempixel.com/161/35', '2025-04-20 05:16:02', 1, 10, 23),
(271, 'Camera Describe 135', 'Building fly million current race per. Meet miss economy production ago debate compare. Effort media war order throw factor certainly.', 867.22, 'https://dummyimage.com/739x151', '2023-10-29 11:43:20', 0, 7, 49),
(272, 'Laptop Bring 971', 'Guess use particularly kind. Rest sometimes would professor process hotel. Yourself fast section want bit possible. Couple sort notice team both. Forward happen cultural over ok.', 1816.04, 'https://dummyimage.com/460x191', '2025-01-14 13:56:54', 0, 13, 19),
(273, 'Gaming giftcard Hospital 286', 'Manage choose card guy theory finish culture network. Wind religious buy difference maintain foreign president. Under risk suggest.', 847.04, 'https://dummyimage.com/942x446', '2023-12-30 05:03:12', 0, 32, 40),
(274, 'Laptop White 342', 'Treatment cup type health including keep sport. Choice first court small someone animal.', 1210.69, 'https://placekitten.com/779/133', '2023-11-20 02:34:26', 0, 13, 23),
(275, 'Desktop pc Week 482', 'Century against operation others wrong already. Free together consider billion that indeed. Write chair increase her green lay. Tell provide decide.', 1045.72, 'https://www.lorempixel.com/150/517', '2023-11-21 14:29:46', 0, 14, 32),
(276, 'Controller Recognize 759', 'Interest choose ever spring knowledge. Can choice market.', 1056.66, 'https://dummyimage.com/887x182', '2024-11-14 23:06:10', 1, 28, 42),
(277, 'Vr Create 563', 'Close light long trip. Onto despite turn serious fill life energy. Determine it think conference political window return. Road child color pick physical. Her activity performance help.', 130.43, 'https://www.lorempixel.com/577/45', '2023-10-30 09:00:46', 0, 34, 25),
(278, 'Console Class 671', 'Song now trouble own structure hour arm. News surface many. That figure sea small research crime outside. Born fire grow morning issue.', 1528.83, 'https://www.lorempixel.com/379/713', '2024-11-05 16:50:06', 0, 12, 4),
(279, 'Camera Year 426', 'Place fall music class better pretty others level. Example far into work media air available. Seat technology break character modern yourself mission political.', 693.37, 'https://www.lorempixel.com/337/693', '2024-05-01 05:56:56', 1, 7, 36),
(280, 'Keyboard Add 511', 'Everything political forget like star service. Southern action next specific in. Already option time light. Go situation here get tree bill push happy. Up American certain happen plant from.', 1645.69, 'https://placeimg.com/507/378/any', '2025-06-06 13:18:50', 1, 1, 14),
(281, 'Earbuds So 335', 'Together little international stuff sister especially. Appear appear room include maintain care. Environment world debate boy letter. Add free face director water among better.', 1022.26, 'https://dummyimage.com/940x822', '2025-02-23 00:11:56', 1, 16, 24),
(282, 'Docking station Water 930', 'Act later bad letter base how owner. Interview certainly everybody. Left short others drive wind produce. Outside instead decide rate brother.', 1125.08, 'https://placekitten.com/489/799', '2024-05-08 11:30:17', 1, 33, 1),
(283, 'Desktop pc Team 621', 'Floor speak successful week. Develop late oil heavy owner take. Others clearly issue we keep lose win road. Speak beyond where.', 1275.32, 'https://placeimg.com/450/341/any', '2025-02-08 16:06:10', 1, 14, 6),
(284, 'Earbuds Ago 794', 'Line move question mission ready TV. Suffer idea already plan. Concern have bed wait break. Available live range situation leg garden work.', 1827.16, 'https://placeimg.com/200/981/any', '2025-05-15 01:03:43', 0, 16, 17),
(285, 'Webcam Draw 330', 'Start case recent wall mean attorney. Shake trial who beyond money. Same term early peace either.', 1641.28, 'https://placeimg.com/141/49/any', '2025-09-08 11:06:46', 0, 6, 6),
(286, 'Speakers Trade 540', 'Stop serve major single letter. Human cold edge join peace. Agreement kind who administration responsibility analysis. Many feeling history through now your.', 375.46, 'https://placeimg.com/393/653/any', '2023-10-03 18:23:31', 1, 9, 16),
(287, 'Tv Notice 933', 'Right detail product cold. Listen successful else ahead out hundred season. New amount small notice small ready miss.', 222.13, 'https://placeimg.com/438/175/any', '2023-12-25 21:15:27', 1, 29, 46),
(288, 'Keyboard Two 536', 'Than even near performance. Involve often challenge ten. Onto build let establish phone follow nature. One learn never career red four.', 911.33, 'https://www.lorempixel.com/846/238', '2025-01-25 17:09:01', 0, 1, 50),
(289, 'Iem End 719', 'Glass have story trip body trouble. Present me lawyer.', 1284.85, 'https://dummyimage.com/517x727', '2025-08-24 09:08:02', 0, 5, 16),
(290, 'Headset Door 593', 'Book report how concern. Above become stage painting heart. Public cause learn wish nice laugh. Follow rich against trial traditional. Order protect beyond next eat foreign phone.', 1626.35, 'https://placekitten.com/918/114', '2024-08-17 05:37:53', 1, 3, 24),
(291, 'Router Far 454', 'Should second arm artist figure defense tree. Throw current need bit voice cover after. Level hard lead property respond relationship ready. Building attorney charge hit.', 1337.18, 'https://placekitten.com/900/146', '2024-12-13 00:41:53', 1, 17, 15),
(292, 'Windows key Language 576', 'Result change letter nothing somebody. Hot animal live gas space suggest upon but. Administration information in rather in speech his. Value material commercial ago safe.', 1992.16, 'https://www.lorempixel.com/713/857', '2024-11-05 02:56:53', 0, 31, 48),
(293, 'Router Her 872', 'More candidate listen process. None clearly suffer direction involve. Tend gas strong tax democratic cover. Since idea ten.', 315.76, 'https://placekitten.com/483/155', '2025-06-06 09:15:47', 0, 17, 10),
(294, 'Printer Defense 671', 'Eight over let for. Kind its success study team white sing. Strategy animal national class go career property sometimes.', 576.96, 'https://placekitten.com/191/222', '2025-04-26 10:26:50', 1, 11, 8),
(295, 'Mobile Beyond 412', 'Together set visit worry raise natural. Then game many short individual. Defense ever whatever however camera red reflect.', 1135.91, 'https://placekitten.com/87/886', '2025-07-21 13:39:22', 1, 22, 32),
(296, 'Vr Believe 372', 'Ground Mr real follow teacher both. Toward treatment pull measure into. Brother popular scene rise young. Condition though night heavy soldier professor. Quite nice enjoy.', 1567.11, 'https://placeimg.com/192/550/any', '2023-12-29 04:00:07', 1, 34, 41),
(297, 'Windows key Imagine 715', 'Direction Democrat military audience must finish financial. Style since no gas rock hold seat. Event rather discussion agree class. Sometimes help hospital current kind fine.', 248.78, 'https://placekitten.com/826/516', '2024-01-24 18:42:26', 0, 31, 20),
(298, 'Racing gear Interest 240', 'Unit surface country leader nearly role. Stuff less those act but order. Late expert join concern arrive politics. Have develop career whose. Word mean social nor popular condition some.', 384.18, 'https://placekitten.com/236/950', '2024-11-15 10:52:11', 1, 8, 43),
(299, 'Controller Especially 305', 'What son deal when. Cold foot race food property often consider. Newspaper several able care nor.', 1250.28, 'https://www.lorempixel.com/174/129', '2023-12-06 08:37:38', 1, 28, 26),
(300, 'Speakers Radio 755', 'Clear fact big low out father today. Since suffer hard similar. Smile defense beyond.', 268.19, 'https://dummyimage.com/154x860', '2025-06-10 03:16:46', 1, 9, 7);

SET IDENTITY_INSERT Catalog.Products OFF;

-- Insert into Catalog.SupplierProducts (random distribution)
INSERT INTO Catalog.SupplierProducts (supplier_id, product_id)
VALUES 
(1, 12),(1, 45),(1, 178),(1, 293),
(2, 67),(2, 89),(2, 134),(2, 201),(2, 245),(2, 278),(2, 299),
(3, 23),(3, 156),(3, 287),
(4, 5),(4, 78),(4, 112),(4, 189),(4, 234),(4, 276),
(5, 34),(5, 91),(5, 145),(5, 267),(5, 298),
(6, 56),(6, 102),(6, 123),(6, 167),(6, 198),(6, 223),(6, 256),(6, 289),
(7, 71),(7, 288),
(8, 14),(8, 63),(8, 117),(8, 152),(8, 176),(8, 215),(8, 248),(8, 272),(8, 295),
(9, 29),(9, 138),(9, 194),(9, 277),
(10, 82),(10, 107),(10, 163),(10, 228),(10, 264),(10, 291),
(11, 47),(11, 96),(11, 181),(11, 239),(11, 286),
(12, 18),(12, 74),(12, 129),(12, 172),(12, 207),(12, 253),(12, 282),
(13, 51),(13, 188),(13, 274),
(14, 33),(14, 88),(14, 142),(14, 165),(14, 199),(14, 231),(14, 269),(14, 297),
(15, 62),(15, 121),(15, 213),(15, 290),
(16, 9),(16, 105),(16, 148),(16, 192),(16, 257),(16, 283),
(17, 76),(17, 136),(17, 204),(17, 249),(17, 292),
(18, 25),(18, 94),(18, 157),(18, 183),(18, 219),(18, 262),(18, 300),
(19, 68),(19, 175),(19, 284),
(20, 41),(20, 99),(20, 126),(20, 168),(20, 197),(20, 232),(20, 266),(20, 279),(20, 294),
(21, 53),(21, 118),(21, 202),(21, 275),
(22, 16),(22, 87),(22, 144),(22, 191),(22, 243),(22, 285),
(23, 72),(23, 131),(23, 208),(23, 254),(23, 296),
(24, 38),(24, 109),(24, 151),(24, 186),(24, 221),(24, 260),(24, 281),
(25, 84),(25, 173),(25, 299),
(26, 27),(26, 95),(26, 139),(26, 162),(26, 210),(26, 235),(26, 268),(26, 287),
(27, 59),(27, 127),(27, 216),(27, 278),
(28, 3),(28, 113),(28, 147),(28, 195),(28, 247),(28, 289),
(29, 44),(29, 103),(29, 184),(29, 229),(29, 273),
(30, 21),(30, 79),(30, 135),(30, 169),(30, 214),(30, 258),(30, 295),
(31, 66),(31, 154),(31, 282),
(32, 8),(32, 92),(32, 141),(32, 177),(32, 203),(32, 238),(32, 263),(32, 286),(32, 298),
(33, 37),(33, 124),(33, 196),(33, 270),
(34, 54),(34, 115),(34, 159),(34, 222),(34, 255),(34, 290),
(35, 83),(35, 128),(35, 200),(35, 261),(35, 293),
(36, 19),(36, 97),(36, 146),(36, 180),(36, 225),(36, 259),(36, 284),
(37, 75),(37, 170),(37, 297),
(38, 2),(38, 108),(38, 133),(38, 182),(38, 217),(38, 242),(38, 271),(38, 300),
(39, 48),(39, 119),(39, 206),(39, 279),
(40, 31),(40, 101),(40, 155),(40, 209),(40, 250),(40, 288),
(41, 64),(41, 137),(41, 193),(41, 244),(41, 276),
(42, 11),(42, 86),(42, 149),(42, 174),(42, 220),(42, 265),(42, 291),
(43, 73),(43, 160),(43, 285),
(44, 6),(44, 98),(44, 140),(44, 179),(44, 211),(44, 240),(44, 267),(44, 294),(44, 299),
(45, 42),(45, 125),(45, 212),(45, 280),
(46, 17),(46, 104),(46, 158),(46, 205),(46, 246),(46, 292),
(47, 58),(47, 132),(47, 187),(47, 252),(47, 297),
(48, 26),(48, 93),(48, 143),(48, 190),(48, 233),(48, 269),(48, 283),
(49, 69),(49, 161),(49, 278),
(50, 4),(50, 111),(50, 150),(50, 185),(50, 218),(50, 251),(50, 274),(50, 296);

INSERT INTO Sales.StatusEnnums (shipment_status, returns_status, payment_status, order_status)
VALUES
('packing', 'cancelled', 'not paid', 'packing'),
('in transit', 'in transit', 'processing', 'in transit'),
('delivered', 'returned', 'paid' , 'delivered')

SET IDENTITY_INSERT Catalog.Inventory ON;

INSERT INTO Catalog.Inventory (inventory_id, product_id, inventory_quantity, inventory_last_updated) VALUES
(1, 1, 176, '2025-07-07 11:39:00'),
(2, 2, 39, '2025-01-16 10:13:00'),
(3, 3, 410, '2025-09-16 14:30:00'),
(4, 4, 408, '2025-04-07 21:53:00'),
(5, 5, 289, '2025-06-14 11:34:00'),
(6, 6, 217, '2025-10-11 02:57:00'),
(7, 7, 223, '2025-07-11 09:34:00'),
(8, 8, 464, '2025-05-20 12:35:00'),
(9, 9, 429, '2025-09-12 23:08:00'),
(10, 10, 324, '2025-01-13 10:05:00'),
(11, 11, 436, '2025-12-19 13:55:00'),
(12, 12, 94, '2025-01-04 08:27:00'),
(13, 13, 272, '2025-11-21 10:01:00'),
(14, 14, 33, '2025-04-09 04:06:00'),
(15, 15, 75, '2025-01-18 21:43:00'),
(16, 16, 400, '2025-01-28 09:19:00'),
(17, 17, 192, '2025-06-24 02:51:00'),
(18, 18, 193, '2025-06-01 11:35:00'),
(19, 19, 222, '2025-11-01 15:01:00'),
(20, 20, 331, '2025-07-11 17:36:00'),
(21, 21, 323, '2025-05-11 06:57:00'),
(22, 22, 458, '2025-01-19 04:37:00'),
(23, 23, 316, '2025-06-22 02:43:00'),
(24, 24, 444, '2025-11-02 14:31:00'),
(25, 25, 146, '2025-04-24 07:00:00'),
(26, 26, 39, '2025-01-07 10:16:00'),
(27, 27, 464, '2025-10-02 01:58:00'),
(28, 28, 169, '2025-07-04 01:20:00'),
(29, 29, 161, '2025-01-21 08:58:00'),
(30, 30, 221, '2025-05-27 05:35:00'),
(31, 31, 348, '2025-06-08 01:01:00'),
(32, 32, 371, '2025-05-05 16:08:00'),
(33, 33, 415, '2025-05-21 19:25:00'),
(34, 34, 27, '2025-03-21 14:55:00'),
(35, 35, 27, '2025-08-24 22:44:00'),
(36, 36, 426, '2025-08-19 23:55:00'),
(37, 37, 204, '2025-03-07 19:15:00'),
(38, 38, 495, '2025-07-04 21:58:00'),
(39, 39, 90, '2025-08-18 22:27:00'),
(40, 40, 150, '2025-03-06 08:41:00'),
(41, 41, 310, '2025-02-18 18:32:00'),
(42, 42, 95, '2025-03-03 14:28:00'),
(43, 43, 284, '2025-05-12 13:41:00'),
(44, 44, 142, '2025-02-16 18:32:00'),
(45, 45, 155, '2025-10-08 12:15:00'),
(46, 46, 188, '2025-06-05 23:43:00'),
(47, 47, 113, '2025-07-04 16:50:00'),
(48, 48, 104, '2025-01-08 11:18:00'),
(49, 49, 337, '2025-01-23 03:12:00'),
(50, 50, 218, '2025-07-16 12:27:00'),
(51, 51, 417, '2025-05-09 05:51:00'),
(52, 52, 112, '2025-02-11 18:42:00'),
(53, 53, 223, '2025-10-26 13:38:00'),
(54, 54, 481, '2025-12-18 17:29:00'),
(55, 55, 68, '2025-07-20 04:19:00'),
(56, 56, 263, '2025-09-14 19:08:00'),
(57, 57, 485, '2025-11-12 17:49:00'),
(58, 58, 349, '2025-04-23 15:20:00'),
(59, 59, 90, '2025-01-27 08:23:00'),
(60, 60, 273, '2025-09-10 19:28:00'),
(61, 61, 352, '2025-08-28 08:09:00'),
(62, 62, 159, '2025-01-04 15:41:00'),
(63, 63, 248, '2025-04-23 10:09:00'),
(64, 64, 159, '2025-05-28 04:19:00'),
(65, 65, 397, '2025-12-16 14:55:00'),
(66, 66, 455, '2025-07-14 05:19:00'),
(67, 67, 57, '2025-01-09 22:53:00'),
(68, 68, 24, '2025-07-19 22:23:00'),
(69, 69, 292, '2025-12-28 12:12:00'),
(70, 70, 336, '2025-01-27 20:54:00'),
(71, 71, 182, '2025-06-18 02:02:00'),
(72, 72, 208, '2025-01-19 13:35:00'),
(73, 73, 290, '2025-03-03 06:46:00'),
(74, 74, 452, '2025-07-13 15:24:00'),
(75, 75, 341, '2025-02-25 02:04:00'),
(76, 76, 111, '2025-01-11 13:43:00'),
(77, 77, 16, '2025-05-14 08:57:00'),
(78, 78, 16, '2025-09-16 15:43:00'),
(79, 79, 197, '2025-09-28 18:55:00'),
(80, 80, 280, '2025-09-09 06:24:00'),
(81, 81, 216, '2025-12-13 17:57:00'),
(82, 82, 76, '2025-04-25 13:20:00'),
(83, 83, 319, '2025-08-26 10:25:00'),
(84, 84, 315, '2025-04-26 15:28:00'),
(85, 85, 166, '2025-10-05 16:55:00'),
(86, 86, 234, '2025-02-14 05:25:00'),
(87, 87, 485, '2025-12-11 07:54:00'),
(88, 88, 272, '2025-12-08 06:05:00'),
(89, 89, 428, '2025-05-07 03:41:00'),
(90, 90, 379, '2025-07-16 20:35:00'),
(91, 91, 62, '2025-02-15 17:44:00'),
(92, 92, 312, '2025-12-14 09:26:00'),
(93, 93, 146, '2025-12-12 19:15:00'),
(94, 94, 125, '2025-01-09 01:30:00'),
(95, 95, 414, '2025-07-10 16:47:00'),
(96, 96, 401, '2025-05-07 07:36:00'),
(97, 97, 402, '2025-04-18 06:06:00'),
(98, 98, 194, '2025-10-24 18:58:00'),
(99, 99, 70, '2025-03-17 12:50:00'),
(100, 100, 452, '2025-03-06 02:47:00'),
(101, 101, 242, '2025-09-06 07:54:00'),
(102, 102, 374, '2025-03-01 08:19:00'),
(103, 103, 360, '2025-08-11 00:52:00'),
(104, 104, 120, '2025-05-26 09:33:00'),
(105, 105, 493, '2025-12-21 10:09:00'),
(106, 106, 150, '2025-08-20 01:37:00'),
(107, 107, 329, '2025-11-20 15:51:00'),
(108, 108, 346, '2025-12-01 04:38:00'),
(109, 109, 368, '2025-02-12 09:45:00'),
(110, 110, 229, '2025-07-11 15:35:00'),
(111, 111, 345, '2025-04-10 04:19:00'),
(112, 112, 361, '2025-02-07 13:00:00'),
(113, 113, 69, '2025-07-03 11:08:00'),
(114, 114, 313, '2025-06-16 02:00:00'),
(115, 115, 496, '2025-11-20 09:31:00'),
(116, 116, 299, '2025-01-24 20:44:00'),
(117, 117, 303, '2025-08-27 21:40:00'),
(118, 118, 490, '2025-11-25 03:58:00'),
(119, 119, 378, '2025-06-11 23:49:00'),
(120, 120, 321, '2025-11-09 14:17:00'),
(121, 121, 259, '2025-12-22 21:55:00'),
(122, 122, 176, '2025-01-26 08:31:00'),
(123, 123, 424, '2025-07-14 21:35:00'),
(124, 124, 159, '2025-03-12 07:39:00'),
(125, 125, 432, '2025-03-07 17:43:00'),
(126, 126, 442, '2025-04-15 07:03:00'),
(127, 127, 316, '2025-09-24 10:35:00'),
(128, 128, 71, '2025-06-21 16:21:00'),
(129, 129, 103, '2025-02-17 18:31:00'),
(130, 130, 97, '2025-10-23 04:59:00'),
(131, 131, 295, '2025-03-21 05:27:00'),
(132, 132, 2, '2025-06-08 12:32:00'),
(133, 133, 5, '2025-06-14 00:54:00'),
(134, 134, 491, '2025-07-11 03:35:00'),
(135, 135, 360, '2025-09-01 03:57:00'),
(136, 136, 475, '2025-05-12 20:50:00'),
(137, 137, 456, '2025-05-02 23:59:00'),
(138, 138, 68, '2025-12-02 13:26:00'),
(139, 139, 303, '2025-10-03 03:01:00'),
(140, 140, 313, '2025-10-23 10:28:00'),
(141, 141, 131, '2025-07-19 03:54:00'),
(142, 142, 140, '2025-03-26 01:34:00'),
(143, 143, 470, '2025-06-07 15:16:00'),
(144, 144, 40, '2025-09-27 13:11:00'),
(145, 145, 172, '2025-11-17 18:57:00'),
(146, 146, 92, '2025-11-03 00:43:00'),
(147, 147, 440, '2025-06-23 00:06:00'),
(148, 148, 198, '2025-05-16 11:10:00'),
(149, 149, 123, '2025-05-17 02:22:00'),
(150, 150, 34, '2025-04-23 08:14:00'),
(151, 151, 149, '2025-01-14 13:55:00'),
(152, 152, 95, '2025-06-26 05:00:00'),
(153, 153, 299, '2025-12-03 23:30:00'),
(154, 154, 146, '2025-01-05 03:50:00'),
(155, 155, 183, '2025-02-24 22:34:00'),
(156, 156, 284, '2025-06-03 03:41:00'),
(157, 157, 156, '2025-12-18 09:54:00'),
(158, 158, 158, '2025-08-16 00:49:00'),
(159, 159, 82, '2025-08-19 00:03:00'),
(160, 160, 246, '2025-04-13 15:10:00'),
(161, 161, 322, '2025-06-19 14:41:00'),
(162, 162, 371, '2025-06-25 09:04:00'),
(163, 163, 467, '2025-11-19 05:53:00'),
(164, 164, 423, '2025-01-01 17:45:00'),
(165, 165, 298, '2025-05-27 05:54:00'),
(166, 166, 467, '2025-12-09 23:59:00'),
(167, 167, 466, '2025-04-21 12:23:00'),
(168, 168, 364, '2025-01-19 08:46:00'),
(169, 169, 349, '2025-10-03 03:34:00'),
(170, 170, 206, '2025-05-01 22:38:00'),
(171, 171, 313, '2025-11-04 07:38:00'),
(172, 172, 252, '2025-10-12 17:35:00'),
(173, 173, 222, '2025-08-09 01:00:00'),
(174, 174, 215, '2025-04-25 17:51:00'),
(175, 175, 441, '2025-01-10 19:18:00'),
(176, 176, 154, '2025-05-14 08:53:00'),
(177, 177, 449, '2025-01-14 09:20:00'),
(178, 178, 70, '2025-03-12 22:56:00'),
(179, 179, 118, '2025-06-25 08:45:00'),
(180, 180, 85, '2025-06-02 23:01:00'),
(181, 181, 234, '2025-08-09 06:08:00'),
(182, 182, 356, '2025-05-22 11:45:00'),
(183, 183, 336, '2025-01-27 14:37:00'),
(184, 184, 110, '2025-01-24 07:08:00'),
(185, 185, 190, '2025-01-04 21:07:00'),
(186, 186, 473, '2025-10-02 05:08:00'),
(187, 187, 148, '2025-11-14 12:07:00'),
(188, 188, 49, '2025-12-08 15:27:00'),
(189, 189, 217, '2025-06-08 00:49:00'),
(190, 190, 434, '2025-05-11 19:06:00'),
(191, 191, 392, '2025-01-06 12:42:00'),
(192, 192, 430, '2025-07-06 09:32:00'),
(193, 193, 44, '2025-05-12 16:52:00'),
(194, 194, 307, '2025-02-28 14:14:00'),
(195, 195, 328, '2025-02-08 19:42:00'),
(196, 196, 484, '2025-11-01 00:35:00'),
(197, 197, 310, '2025-03-28 16:04:00'),
(198, 198, 278, '2025-09-16 22:14:00'),
(199, 199, 451, '2025-01-12 19:51:00'),
(200, 200, 444, '2025-03-09 08:06:00'),
(201, 201, 469, '2025-10-21 23:42:00'),
(202, 202, 104, '2025-03-02 04:41:00'),
(203, 203, 2, '2025-12-02 08:33:00'),
(204, 204, 450, '2025-08-25 03:07:00'),
(205, 205, 237, '2025-02-08 04:49:00'),
(206, 206, 200, '2025-07-20 13:25:00'),
(207, 207, 259, '2025-04-28 04:52:00'),
(208, 208, 288, '2025-08-17 20:23:00'),
(209, 209, 406, '2025-05-04 09:16:00'),
(210, 210, 311, '2025-03-28 13:09:00'),
(211, 211, 426, '2025-03-09 22:34:00'),
(212, 212, 376, '2025-03-20 02:15:00'),
(213, 213, 299, '2025-06-21 16:56:00'),
(214, 214, 345, '2025-05-14 01:31:00'),
(215, 215, 172, '2025-01-24 01:32:00'),
(216, 216, 244, '2025-07-06 10:56:00'),
(217, 217, 447, '2025-10-19 05:15:00'),
(218, 218, 4, '2025-02-10 14:41:00'),
(219, 219, 354, '2025-06-15 22:41:00'),
(220, 220, 358, '2025-07-01 12:12:00'),
(221, 221, 409, '2025-01-15 10:20:00'),
(222, 222, 178, '2025-05-23 20:52:00'),
(223, 223, 394, '2025-10-17 03:22:00'),
(224, 224, 493, '2025-10-08 09:51:00'),
(225, 225, 80, '2025-05-06 00:52:00'),
(226, 226, 207, '2025-02-16 05:15:00'),
(227, 227, 484, '2025-10-27 05:35:00'),
(228, 228, 296, '2025-06-27 14:15:00'),
(229, 229, 98, '2025-10-23 08:45:00'),
(230, 230, 74, '2025-06-10 10:01:00'),
(231, 231, 100, '2025-07-02 19:07:00'),
(232, 232, 202, '2025-09-12 00:06:00'),
(233, 233, 323, '2025-03-13 04:23:00'),
(234, 234, 57, '2025-04-22 09:10:00'),
(235, 235, 212, '2025-12-15 15:51:00'),
(236, 236, 109, '2025-05-03 04:05:00'),
(237, 237, 201, '2025-02-23 18:50:00'),
(238, 238, 121, '2025-07-13 18:56:00'),
(239, 239, 424, '2025-12-25 23:46:00'),
(240, 240, 135, '2025-01-11 17:29:00'),
(241, 241, 238, '2025-05-15 21:55:00'),
(242, 242, 120, '2025-06-20 04:43:00'),
(243, 243, 206, '2025-10-12 07:49:00'),
(244, 244, 171, '2025-04-24 20:14:00'),
(245, 245, 175, '2025-03-25 23:47:00'),
(246, 246, 440, '2025-12-06 05:27:00'),
(247, 247, 396, '2025-02-23 06:19:00'),
(248, 248, 409, '2025-12-25 05:17:00'),
(249, 249, 414, '2025-10-10 07:09:00'),
(250, 250, 476, '2025-02-25 12:23:00'),
(251, 251, 277, '2025-11-04 01:08:00'),
(252, 252, 23, '2025-05-05 22:49:00'),
(253, 253, 238, '2025-10-03 18:02:00'),
(254, 254, 461, '2025-10-04 14:32:00'),
(255, 255, 231, '2025-01-20 22:48:00'),
(256, 256, 446, '2025-11-24 22:31:00'),
(257, 257, 349, '2025-12-18 07:02:00'),
(258, 258, 122, '2025-06-28 09:07:00'),
(259, 259, 167, '2025-05-01 03:28:00'),
(260, 260, 24, '2025-02-07 04:23:00'),
(261, 261, 458, '2025-03-03 02:17:00'),
(262, 262, 110, '2025-12-10 17:23:00'),
(263, 263, 485, '2025-06-05 14:53:00'),
(264, 264, 24, '2025-12-23 06:51:00'),
(265, 265, 309, '2025-12-03 20:12:00'),
(266, 266, 146, '2025-06-05 13:37:00'),
(267, 267, 264, '2025-11-22 15:10:00'),
(268, 268, 159, '2025-01-23 03:52:00'),
(269, 269, 68, '2025-08-21 02:33:00'),
(270, 270, 56, '2025-06-19 17:40:00'),
(271, 271, 143, '2025-11-02 03:20:00'),
(272, 272, 91, '2025-05-02 11:35:00'),
(273, 273, 488, '2025-09-26 09:52:00'),
(274, 274, 28, '2025-01-20 16:48:00'),
(275, 275, 197, '2025-03-24 21:03:00'),
(276, 276, 438, '2025-05-20 00:41:00'),
(277, 277, 232, '2025-07-10 17:54:00'),
(278, 278, 206, '2025-09-03 17:58:00'),
(279, 279, 55, '2025-01-09 23:54:00'),
(280, 280, 370, '2025-12-03 21:27:00'),
(281, 281, 380, '2025-09-19 19:29:00'),
(282, 282, 86, '2025-10-08 10:28:00'),
(283, 283, 355, '2025-08-27 00:33:00'),
(284, 284, 247, '2025-03-20 17:14:00'),
(285, 285, 432, '2025-08-12 16:19:00'),
(286, 286, 324, '2025-09-21 15:46:00'),
(287, 287, 266, '2025-08-20 03:58:00'),
(288, 288, 354, '2025-03-04 05:08:00'),
(289, 289, 249, '2025-10-03 01:04:00'),
(290, 290, 417, '2025-12-18 06:15:00'),
(291, 291, 319, '2025-07-25 17:49:00'),
(292, 292, 276, '2025-06-11 13:06:00'),
(293, 293, 188, '2025-08-22 20:48:00'),
(294, 294, 423, '2025-03-01 08:10:00'),
(295, 295, 200, '2025-09-03 11:13:00'),
(296, 296, 458, '2025-10-03 14:53:00'),
(297, 297, 359, '2025-06-28 16:16:00'),
(298, 298, 485, '2025-03-28 19:21:00'),
(299, 299, 365, '2025-10-21 10:13:00'),
(300, 300, 36, '2025-02-20 02:21:00');

SET IDENTITY_INSERT Catalog.Inventory OFF;

SET IDENTITY_INSERT Customers.Customer ON;

INSERT INTO Customers.Customer (customer_id, customer_firstname, customer_lastname, customer_email, customer_phone, customer_address, customer_postalcode, customer_city, customer_country, customer_created_at, customer_password) VALUES
(1, 'Marcus', 'Colander', 'marcus@colander.dk', 5057376319, '4512 SW Skyline Boulevard\nPortland', 5000, 'Odense C', 'Denmark', '2025-10-01', 'DB123'),
(2, 'Philip', 'Tifelse', 'philip@tifelse.dk', 8622231236, '8809 Bluebonnet Trail Austin', 5250, 'Odense M', 'Denmark', '2022-08-14', 'DB123'),
(3, 'Victoria', 'Jensen', 'victoria@jensen.dk', 5055592077, '1232 Providence Road Charlotte', 5500, 'Viborg', 'Denmark', '2024-11-28', 'DB123'),
(4, 'Signe', 'Nielsen', 'signe@nielsen.dk', 3052011861, '5542 Xavier Street Denver', 5750, 'Kbenhavn', 'Denmark', '2019-04-04', 'DB123'),
(5, 'Lauge', 'Hansen', 'lauge@hansen.dk', 3052331858, '2118 North Lincoln Avenue Chicago', 6000, 'Vejle', 'Denmark', '2025-06-05', 'DB123'),
(6, 'Emil', 'Pedersen', 'emil@pedersen.dk', 3052647276, '815 Old Hickory Boulevard Nashville', 6250, 'Nyborg', 'Denmark', '2020-02-06', 'DB123'),
(7, 'Freja', 'Larsen', 'freja@larsen.dk', 9834523855, '12427 North 53rd Avenue Phoenix', 6500, 'Hernning', 'Denmark', '2021-07-17', 'DB123'),
(8, 'Karoline', 'Olsen', 'karoline@olsen.dk', 5056291103, '1781 Peachtree Street NE Atlanta', 6750, 'Billund', 'Denmark', '2025-01-22', 'DB123'),
(9, 'Jonas', 'Mller', 'jonas@mller.dk', 2527526728, '7324 East Laurelhurst Drive NE Seattle', 7000, 'Hvidsande', 'Denmark', '2023-12-05', 'DB123'),
(10, 'Gustav', 'Jrgensen', 'gustav@jrgensen.dk', 4722307994, '12455 SW 72nd Court Miami', 7250, 'Grindsted', 'Denmark', '2018-10-10', 'DB123');

SET IDENTITY_INSERT Customers.Customer OFF;

INSERT INTO Sales.Orders (customer_id, order_date, status_id, order_total_amount)
VALUES
(1, '2024-12-05 21:40:00', 1, 12),
(4, '2017-11-09 17:44:00', 1, 4),
(6, '2018-08-04 19:09:00', 3, 6),
(3, '2018-03-26 07:33:00', 2, 4),
(8, '2018-01-11 15:07:00', 1, 1),
(7, '2020-02-29 14:41:00', 2, 9),
(2, '2025-07-08 20:07:00', 2, 15),
(5, '2017-05-03 01:14:00', 2, 10),
(9, '2021-01-23 14:45:00', 1, 7),
(1, '2020-09-01 04:59:00', 3, 16),
(10, '2017-04-03 06:48:00', 1, 14),
(1, '2018-12-14 22:54:00', 1, 16),
(4, '2024-03-05 13:19:00', 2, 12),
(6, '2024-07-07 05:54:00', 1, 11),
(3, '2020-12-14 20:47:00', 2, 20),
(8, '2022-04-15 06:47:00', 2, 7),
(7, '2025-09-08 04:39:00', 2, 15),
(2, '2023-11-06 22:00:00', 3, 18),
(5, '2024-02-13 15:09:00', 1, 4),
(9, '2020-11-12 00:47:00', 2, 5),
(1, '2019-07-01 04:53:00', 1, 3),
(10, '2024-12-03 22:21:00', 3, 9),
(1, '2023-01-21 08:16:00', 2, 13),
(4, '2019-09-02 20:13:00', 1, 12),
(6, '2018-12-11 14:52:00', 3, 4),
(3, '2021-02-04 15:49:00', 3, 13),
(8, '2021-04-12 06:44:00', 3, 19),
(7, '2025-08-25 19:11:00', 1, 8),
(2, '2023-08-29 17:29:00', 2, 1),
(5, '2017-06-24 16:23:00', 2, 2),
(1, '2021-08-14 04:37:00', 3, 6),
(4, '2022-03-29 03:39:00', 2, 15),
(6, '2022-08-21 07:10:00', 3, 17),
(3, '2018-06-24 09:36:00', 3, 14),
(8, '2023-06-10 06:53:00', 2, 4),
(7, '2020-12-22 19:35:00', 2, 2),
(2, '2022-01-01 06:32:00', 2, 8),
(1, '2020-02-27 09:11:00', 1, 5),
(10, '2025-03-20 00:20:00', 1, 19),
(6, '2019-11-19 01:59:00', 2, 10),
(3, '2024-11-18 13:59:00', 1, 1),
(8, '2025-02-20 07:40:00', 2, 8),
(7, '2021-02-01 22:24:00', 3, 3),
(2, '2018-01-01 02:40:00', 3, 10),
(10, '2017-12-06 05:24:00', 1, 10),
(9, '2017-02-08 03:31:00', 2, 6),
(10, '2017-08-03 14:50:00', 1, 2),
(4, '2022-04-17 18:24:00', 3, 13),
(6, '2022-11-25 17:48:00', 3, 4),
(3, '2018-12-12 06:50:00', 1, 17);

INSERT INTO Sales.Order_lines (order_id, product_id, customer_id, ol_quantity) VALUES
(1, 45, 3, 8),
(1, 178, 3, 4),
(2, 89, 7, 4),
(3, 234, 2, 3),
(3, 67, 2, 3),
(4, 156, 9, 2),
(4, 23, 9, 2),
(5, 287, 5, 1),
(6, 112, 1, 5),
(6, 198, 1, 4),
(7, 45, 8, 10),
(7, 265, 8, 5),
(8, 76, 4, 6),
(8, 167, 4, 4),
(9, 34, 6, 4),
(9, 299, 6, 3),
(10, 78, 10, 9),
(10, 223, 10, 7),
(11, 56, 3, 8),
(11, 189, 3, 6),
(12, 278, 7, 10),
(12, 91, 7, 6),
(13, 12, 2, 7),
(13, 234, 2, 5),
(14, 67, 9, 6),
(14, 156, 9, 5),
(15, 287, 5, 12),
(15, 112, 5, 8),
(16, 45, 1, 4),
(16, 265, 1, 3),
(17, 76, 8, 8),
(17, 167, 8, 7),
(18, 34, 4, 10),
(18, 299, 4, 8),
(19, 78, 6, 2),
(19, 223, 6, 2),
(20, 56, 10, 3),
(20, 189, 10, 2),
(21, 278, 3, 2),
(21, 91, 3, 1),
(22, 12, 7, 5),
(22, 234, 7, 4),
(23, 67, 2, 7),
(23, 156, 2, 6),
(24, 287, 9, 7),
(24, 112, 9, 5),
(25, 45, 5, 2),
(25, 265, 5, 2),
(26, 76, 1, 7),
(26, 167, 1, 6),
(27, 34, 8, 10),
(27, 299, 8, 9),
(28, 78, 4, 5),
(28, 223, 4, 3),
(29, 56, 6, 1),
(30, 189, 10, 1),
(30, 278, 10, 1),
(31, 91, 3, 3),
(31, 12, 3, 3),
(32, 234, 7, 8),
(32, 67, 7, 7),
(33, 156, 2, 9),
(33, 287, 2, 8),
(34, 112, 9, 8),
(34, 45, 9, 6),
(35, 265, 5, 2),
(35, 76, 5, 2),
(36, 167, 1, 1),
(36, 34, 1, 1),
(37, 299, 8, 5),
(37, 78, 8, 3),
(38, 223, 4, 3),
(38, 56, 4, 2),
(39, 189, 6, 10),
(39, 278, 6, 9),
(40, 91, 10, 6),
(40, 12, 10, 4),
(41, 234, 3, 1),
(42, 67, 7, 5),
(42, 156, 7, 3),
(43, 287, 2, 2),
(43, 112, 2, 1),
(44, 45, 9, 6),
(44, 265, 9, 4),
(45, 76, 5, 6),
(45, 167, 5, 4),
(46, 34, 1, 3),
(46, 299, 1, 3),
(47, 78, 8, 1),
(47, 223, 8, 1),
(48, 56, 4, 7),
(48, 189, 4, 6),
(49, 278, 6, 2),
(49, 91, 6, 2),
(50, 12, 10, 9),
(50, 234, 10, 8);


INSERT INTO Promotions.Discounts (discount_startdate, discount_enddate, discount_value, product_id) VALUES
('2025-10-09', '2026-01-01', '25%', 1),
('2025-10-28', '2026-01-01', '25%', 2),
('2025-10-26', '2026-01-01', '25%', 3),
('2025-10-13', '2026-01-01', '25%', 4),
('2025-10-22', '2026-01-01', '25%', 5),
('2025-10-21', '2026-01-01', '25%', 6),
('2025-10-06', '2026-01-01', '25%', 7),
('2025-10-15', '2026-01-01', '25%', 8),
('2025-10-27', '2026-01-01', '25%', 9),
('2025-10-01', '2026-01-01', '25%', 10),
('2025-10-25', '2026-01-01', '25%', 11),
('2025-10-29', '2026-01-01', '25%', 12),
('2025-10-17', '2026-01-01', '25%', 13),
('2025-10-02', '2026-01-01', '25%', 14),
('2025-10-08', '2026-01-01', '25%', 15),
('2025-10-20', '2026-01-01', '25%', 16),
('2025-10-05', '2026-01-01', '25%', 17),
('2025-10-11', '2026-01-01', '25%', 18),
('2025-10-14', '2026-01-01', '25%', 19),
('2025-10-10', '2026-01-01', '25%', 20),
('2025-10-19', '2026-01-01', '25%', 21),
('2025-10-18', '2026-01-01', '25%', 22),
('2025-10-03', '2026-01-01', '25%', 23),
('2025-10-07', '2026-01-01', '25%', 24),
('2025-10-12', '2026-01-01', '25%', 25),
('2025-10-04', '2026-01-01', '25%', 26),
('2025-10-16', '2026-01-01', '25%', 27),
('2025-10-23', '2026-01-01', '25%', 28),
('2025-10-24', '2026-01-01', '25%', 29),
('2025-10-24', '2026-01-01', '25%', 30);

INSERT INTO Sales.Payments (order_id, payment_date, payment_method, status_id) VALUES
(1, '2024-01-15 10:30:00', 'Credit Card', 2),
(2, '2024-01-16 14:22:15', 'PayPal', 1),
(3, '2024-01-17 09:45:30', 'MobilePay', 3),
(4, '2024-01-18 16:10:45', 'Credit Card', 1),
(5, '2024-01-19 11:20:10', 'Bank Transfer', 2),
(6, '2024-01-20 13:15:25', 'PayPal', 3),
(7, '2024-01-21 15:40:50', 'MobilePay', 1),
(8, '2024-01-22 12:05:35', 'Credit Card', 2),
(9, '2024-01-23 17:30:40', 'PayPal', 3),
(10, '2024-01-24 08:55:55', 'MobilePay', 1),
(11, '2024-01-25 10:25:20', 'Credit Card', 2),
(12, '2024-01-26 14:50:10', 'Bank Transfer', 3),
(13, '2024-01-27 09:35:45', 'PayPal', 1),
(14, '2024-01-28 16:20:30', 'MobilePay', 2),
(15, '2024-01-29 11:45:15', 'Credit Card', 3),
(16, '2024-01-30 13:10:25', 'PayPal', 1),
(17, '2024-01-31 15:25:40', 'Bank Transfer', 2),
(18, '2024-02-01 12:40:55', 'MobilePay', 3),
(19, '2024-02-02 17:15:10', 'Credit Card', 1),
(20, '2024-02-03 08:30:25', 'PayPal', 2),
(21, '2024-02-04 10:55:40', 'MobilePay', 3),
(22, '2024-02-05 14:20:15', 'Credit Card', 1),
(23, '2024-02-06 09:45:30', 'Bank Transfer', 2),
(24, '2024-02-07 16:10:45', 'PayPal', 3),
(25, '2024-02-08 11:35:20', 'MobilePay', 1),
(26, '2024-02-09 13:00:35', 'Credit Card', 2),
(27, '2024-02-10 15:25:50', 'PayPal', 3),
(28, '2024-02-11 12:50:05', 'Bank Transfer', 1),
(29, '2024-02-12 17:15:20', 'MobilePay', 2),
(30, '2024-02-13 08:40:35', 'Credit Card', 3),
(31, '2024-02-14 10:05:50', 'PayPal', 1),
(32, '2024-02-15 14:30:15', 'MobilePay', 2),
(33, '2024-02-16 09:55:30', 'Credit Card', 3),
(34, '2024-02-17 16:20:45', 'Bank Transfer', 1),
(35, '2024-02-18 11:45:20', 'PayPal', 2),
(36, '2024-02-19 13:10:35', 'MobilePay', 3),
(37, '2024-02-20 15:35:50', 'Credit Card', 1),
(38, '2024-02-21 12:00:05', 'PayPal', 2),
(39, '2024-02-22 17:25:20', 'Bank Transfer', 3),
(40, '2024-02-23 08:50:35', 'MobilePay', 1),
(41, '2024-02-24 10:15:50', 'Credit Card', 2),
(42, '2024-02-25 14:40:15', 'PayPal', 3),
(43, '2024-02-26 09:05:30', 'MobilePay', 1),
(44, '2024-02-27 16:30:45', 'Credit Card', 2),
(45, '2024-02-28 11:55:20', 'Bank Transfer', 3),
(46, '2024-02-29 13:20:35', 'PayPal', 1),
(47, '2024-03-01 15:45:50', 'MobilePay', 2),
(48, '2024-03-02 12:10:05', 'Credit Card', 3),
(49, '2024-03-03 17:35:20', 'PayPal', 1),
(50, '2024-03-04 08:00:35', 'Bank Transfer', 2);

INSERT INTO Sales.ReturnOrders (order_id, product_id, return_reason, status_id, return_date) VALUES
(23, 67, 'Wrong size ordered', 1, '2024-03-05 10:15:00'),
(45, 167, 'Product damaged during shipping', 2, '2024-03-06 14:30:00'),
(12, 78, 'Changed my mind', 3, '2024-03-07 11:45:00'),
(38, 223, 'Received wrong color', 1, '2024-03-08 16:20:00'),
(7, 45, 'Item not as described', 2, '2024-03-09 09:30:00'),
(29, 56, 'Found better price elsewhere', 3, '2024-03-10 13:15:00'),
(41, 234, 'Product defective', 1, '2024-03-11 15:40:00'),
(16, 265, 'Too small for my needs', 2, '2024-03-12 12:25:00'),
(33, 156, 'Missing parts', 3, '2024-03-13 17:50:00'),
(5, 287, 'Not compatible with my device', 1, '2024-03-14 08:35:00'),
(27, 34, 'Poor quality material', 2, '2024-03-15 14:10:00'),
(49, 299, 'Arrived too late', 3, '2024-03-16 10:55:00'),
(18, 76, 'Color different from website', 1, '2024-03-17 16:30:00'),
(31, 189, 'Changed my mind about purchase', 2, '2024-03-18 11:45:00'),
(9, 112, 'Product stopped working', 3, '2024-03-19 13:20:00'),
(42, 278, 'Too complicated to use', 1, '2024-03-20 15:05:00'),
(24, 91, 'Received duplicate item', 2, '2024-03-21 09:50:00'),
(37, 12, 'Not what I expected', 3, '2024-03-22 12:35:00'),
(14, 145, 'Package was empty', 1, '2024-03-23 17:10:00'),
(50, 198, 'Item arrived broken', 2, '2024-03-24 14:25:00');

-- Bulk Insert Script for Sales.Shipments
INSERT INTO Sales.Shipments (
    order_id, 
    shipment_deliverer, 
    shipment_tracking_number, 
    shipment_date, 
    shipment_expected_delivery, 
    status_id
)
VALUES
(1, 'FedEx', 'FX123456789US', '2024-01-15 08:30:00', '2024-01-18 17:00:00', 1),
(2, 'UPS', 'UPS987654321US', '2024-01-16 09:15:00', '2024-01-19 17:00:00', 1),
(3, 'DHL', 'DHL456789123US', '2024-01-17 10:45:00', '2024-01-20 17:00:00', 2),
(4, 'USPS', 'USPS789123456US', '2024-01-18 11:20:00', '2024-01-21 17:00:00', 1),
(5, 'FedEx', 'FX321654987US', '2024-01-19 13:10:00', '2024-01-22 17:00:00', 3),
(6, 'UPS', 'UPS654987321US', '2024-01-20 14:25:00', '2024-01-23 17:00:00', 1),
(7, 'DHL', 'DHL987321654US', '2024-01-21 15:40:00', '2024-01-24 17:00:00', 2),
(8, 'USPS', 'USPS147258369US', '2024-01-22 16:55:00', '2024-01-25 17:00:00', 1),
(9, 'FedEx', 'FX258369147US', '2024-01-23 08:20:00', '2024-01-26 17:00:00', 3),
(10, 'UPS', 'UPS369147258US', '2024-01-24 09:35:00', '2024-01-27 17:00:00', 1),
(11, 'DHL', 'DHL741852963US', '2024-01-25 10:50:00', '2024-01-28 17:00:00', 2),
(12, 'USPS', 'USPS852963741US', '2024-01-26 12:05:00', '2024-01-29 17:00:00', 1),
(13, 'FedEx', 'FX963741852US', '2024-01-27 13:20:00', '2024-01-30 17:00:00', 3),
(14, 'UPS', 'UPS159753486US', '2024-01-28 14:35:00', '2024-01-31 17:00:00', 1),
(15, 'DHL', 'DHL357159486US', '2024-01-29 15:50:00', '2024-02-01 17:00:00', 2),
(16, 'USPS', 'USPS486357159US', '2024-01-30 17:05:00', '2024-02-02 17:00:00', 1),
(17, 'FedEx', 'FX753159486US', '2024-01-31 08:15:00', '2024-02-03 17:00:00', 3),
(18, 'UPS', 'UPS951753852US', '2024-02-01 09:30:00', '2024-02-04 17:00:00', 1),
(19, 'DHL', 'DHL258456789US', '2024-02-02 10:45:00', '2024-02-05 17:00:00', 2),
(20, 'USPS', 'USPS456789123US', '2024-02-03 11:00:00', '2024-02-06 17:00:00', 1),
(21, 'FedEx', 'FX654321987US', '2024-02-04 12:15:00', '2024-02-07 17:00:00', 3),
(22, 'UPS', 'UPS321987654US', '2024-02-05 13:30:00', '2024-02-08 17:00:00', 1),
(23, 'DHL', 'DHL789456123US', '2024-02-06 14:45:00', '2024-02-09 17:00:00', 2),
(24, 'USPS', 'USPS987123456US', '2024-02-07 15:00:00', '2024-02-10 17:00:00', 1),
(25, 'FedEx', 'FX147852369US', '2024-02-08 16:15:00', '2024-02-11 17:00:00', 3),
(26, 'UPS', 'UPS258963147US', '2024-02-09 08:25:00', '2024-02-12 17:00:00', 1),
(27, 'DHL', 'DHL369874125US', '2024-02-10 09:40:00', '2024-02-13 17:00:00', 2),
(28, 'USPS', 'USPS741236985US', '2024-02-11 10:55:00', '2024-02-14 17:00:00', 1),
(29, 'FedEx', 'FX852147963US', '2024-02-12 12:10:00', '2024-02-15 17:00:00', 3),
(30, 'UPS', 'UPS963258741US', '2024-02-13 13:25:00', '2024-02-16 17:00:00', 1),
(31, 'DHL', 'DHL159487263US', '2024-02-14 14:40:00', '2024-02-17 17:00:00', 2),
(32, 'USPS', 'USPS263974185US', '2024-02-15 15:55:00', '2024-02-18 17:00:00', 1),
(33, 'FedEx', 'FX487263159US', '2024-02-16 08:05:00', '2024-02-19 17:00:00', 3),
(34, 'UPS', 'UPS974185263US', '2024-02-17 09:20:00', '2024-02-20 17:00:00', 1),
(35, 'DHL', 'DHL185263974US', '2024-02-18 10:35:00', '2024-02-21 17:00:00', 2),
(36, 'USPS', 'USPS263185974US', '2024-02-19 11:50:00', '2024-02-22 17:00:00', 1),
(37, 'FedEx', 'FX974263185US', '2024-02-20 13:05:00', '2024-02-23 17:00:00', 3),
(38, 'UPS', 'UPS185974263US', '2024-02-21 14:20:00', '2024-02-24 17:00:00', 1),
(39, 'DHL', 'DHL263974185US', '2024-02-22 15:35:00', '2024-02-25 17:00:00', 2),
(40, 'USPS', 'USPS974185263US', '2024-02-23 16:50:00', '2024-02-26 17:00:00', 1),
(41, 'FedEx', 'FX185263974US', '2024-02-24 08:10:00', '2024-02-27 17:00:00', 3),
(42, 'UPS', 'UPS263185974US', '2024-02-25 09:25:00', '2024-02-28 17:00:00', 1),
(43, 'DHL', 'DHL974263185US', '2024-02-26 10:40:00', '2024-02-29 17:00:00', 2),
(44, 'USPS', 'USPS185974263US', '2024-02-27 11:55:00', '2024-03-01 17:00:00', 1),
(45, 'FedEx', 'FX263974185US', '2024-02-28 13:10:00', '2024-03-02 17:00:00', 3),
(46, 'UPS', 'UPS974185263US', '2024-02-29 14:25:00', '2024-03-03 17:00:00', 1),
(47, 'DHL', 'DHL185263974US', '2024-03-01 15:40:00', '2024-03-04 17:00:00', 2),
(48, 'USPS', 'USPS263185974US', '2024-03-02 16:55:00', '2024-03-05 17:00:00', 1),
(49, 'FedEx', 'FX974263185US', '2024-03-03 08:15:00', '2024-03-06 17:00:00', 3),
(50, 'UPS', 'UPS185974263US', '2024-03-04 09:30:00', '2024-03-07 17:00:00', 1);